mode	bp	clip	passes	glide	dwell	split	pk_med	pk_max	e-1200	e+1200	e-600	e+600	e-250	e+250
k1	50	0	3	0	1	0	1.16	1.22	-137.7	-130.2	-119.0	-115.3	-44.6	-46.1
k1	50	0	3	0.1	1	0	1.15	1.21	-137.7	-130.3	-119.0	-115.4	-44.7	-46.2
k1	50	0	3	0.2	1	0	1.16	1.21	-137.9	-129.1	-119.6	-116.1	-45.3	-46.7
k1	50	0	6	0	1	0	1.12	1.22	-138.3	-128.3	-122.6	-119.2	-55.7	-57.2
k1	50	0	6	0.1	1	0	1.12	1.22	-137.3	-128.3	-122.6	-119.2	-55.7	-57.2
k1	50	0	6	0.2	1	0	1.12	1.22	-138.7	-130.3	-122.8	-119.3	-55.6	-57.1
k1	50	-1	3	0	1	0	1.16	1.22	-137.7	-130.2	-119.0	-115.3	-44.6	-46.0
k1	50	-1	3	0.1	1	0	1.15	1.21	-137.7	-130.3	-119.0	-115.4	-44.7	-46.2
k1	50	-1	3	0.2	1	0	1.16	1.21	-137.9	-129.1	-119.6	-116.1	-45.3	-46.7
k1	50	-1	6	0	1	0	1.12	1.22	-138.3	-128.3	-122.6	-119.2	-55.7	-57.2
k1	50	-1	6	0.1	1	0	1.12	1.22	-137.3	-128.3	-122.6	-119.2	-55.7	-57.2
k1	50	-1	6	0.2	1	0	1.12	1.22	-138.7	-130.3	-122.8	-119.3	-55.6	-57.1
k1	50	-2	3	0	1	0	1.16	1.22	-137.7	-130.2	-119.0	-115.3	-44.6	-46.0
k1	50	-2	3	0.1	1	0	1.15	1.21	-137.7	-130.3	-119.0	-115.4	-44.7	-46.2
k1	50	-2	3	0.2	1	0	1.16	1.21	-137.9	-129.1	-119.6	-116.1	-45.3	-46.7
k1	50	-2	6	0	1	0	1.12	1.22	-138.3	-128.3	-122.6	-119.2	-55.7	-57.2
k1	50	-2	6	0.1	1	0	1.12	1.22	-137.3	-128.3	-122.6	-119.2	-55.7	-57.2
k1	50	-2	6	0.2	1	0	1.12	1.22	-138.7	-130.3	-122.8	-119.3	-55.6	-57.1
k1	100	0	3	0	1	0	0.50	0.50	-140.5	-147.1	-114.1	-115.8	-20.8	-21.5
k1	100	0	3	0.1	1	0	0.49	0.49	-141.1	-148.2	-114.5	-116.1	-21.3	-21.9
k1	100	0	3	0.2	1	0	0.43	0.44	-145.3	-152.1	-115.9	-117.7	-22.5	-23.2
k1	100	0	6	0	1	0	0.44	0.44	-141.7	-148.7	-124.3	-125.9	-25.0	-25.9
k1	100	0	6	0.1	1	0	0.44	0.44	-141.7	-148.8	-124.5	-125.9	-25.4	-26.3
k1	100	0	6	0.2	1	0	0.40	0.40	-143.0	-150.0	-125.3	-126.8	-26.6	-27.5
k1	100	-1	3	0	1	0	0.50	0.50	-140.5	-147.1	-114.1	-115.8	-20.8	-21.5
k1	100	-1	3	0.1	1	0	0.49	0.49	-141.1	-148.2	-114.5	-116.1	-21.3	-21.9
k1	100	-1	3	0.2	1	0	0.43	0.44	-145.3	-152.1	-115.9	-117.7	-22.5	-23.2
k1	100	-1	6	0	1	0	0.44	0.44	-141.7	-148.7	-124.3	-125.9	-25.0	-25.9
k1	100	-1	6	0.1	1	0	0.44	0.44	-141.7	-148.8	-124.5	-125.9	-25.4	-26.3
k1	100	-1	6	0.2	1	0	0.40	0.40	-143.0	-150.0	-125.3	-126.8	-26.6	-27.5
k1	100	-2	3	0	1	0	0.50	0.50	-140.5	-147.1	-114.1	-115.8	-20.8	-21.5
k1	100	-2	3	0.1	1	0	0.49	0.49	-141.1	-148.2	-114.5	-116.1	-21.3	-21.9
k1	100	-2	3	0.2	1	0	0.43	0.44	-145.3	-152.1	-115.9	-117.7	-22.5	-23.2
k1	100	-2	6	0	1	0	0.44	0.44	-141.7	-148.7	-124.3	-125.9	-25.0	-25.9
k1	100	-2	6	0.1	1	0	0.44	0.44	-141.7	-148.8	-124.5	-125.9	-25.4	-26.3
k1	100	-2	6	0.2	1	0	0.40	0.40	-143.0	-150.0	-125.3	-126.8	-26.6	-27.5
k1	150	0	3	0	1	0	0.27	0.28	-131.3	-128.9	-112.7	-112.5	-16.5	-16.9
k1	150	0	3	0.1	1	0	0.25	0.25	-132.5	-130.6	-113.6	-113.4	-17.0	-17.4
k1	150	0	3	0.2	1	0	0.20	0.20	-137.0	-135.4	-116.7	-116.7	-18.4	-18.8
k1	150	0	6	0	1	0	0.20	0.20	-133.3	-131.3	-120.4	-120.0	-16.7	-17.1
k1	150	0	6	0.1	1	0	0.17	0.18	-134.1	-132.2	-120.8	-120.6	-17.2	-17.6
k1	150	0	6	0.2	1	0	0.15	0.15	-137.1	-135.2	-121.9	-121.8	-18.5	-18.9
k1	150	-1	3	0	1	0	0.27	0.28	-131.3	-128.9	-112.7	-112.5	-16.5	-16.9
k1	150	-1	3	0.1	1	0	0.25	0.25	-132.5	-130.6	-113.6	-113.4	-17.0	-17.4
k1	150	-1	3	0.2	1	0	0.20	0.20	-137.0	-135.4	-116.7	-116.7	-18.4	-18.8
k1	150	-1	6	0	1	0	0.20	0.20	-133.3	-131.3	-120.4	-120.0	-16.7	-17.1
k1	150	-1	6	0.1	1	0	0.17	0.18	-134.1	-132.2	-120.8	-120.6	-17.2	-17.6
k1	150	-1	6	0.2	1	0	0.15	0.15	-137.1	-135.2	-121.9	-121.8	-18.5	-18.9
k1	150	-2	3	0	1	0	0.27	0.28	-131.3	-128.9	-112.7	-112.5	-16.5	-16.9
k1	150	-2	3	0.1	1	0	0.25	0.25	-132.5	-130.6	-113.6	-113.4	-17.0	-17.4
k1	150	-2	3	0.2	1	0	0.20	0.20	-137.0	-135.4	-116.7	-116.7	-18.4	-18.8
k1	150	-2	6	0	1	0	0.20	0.20	-133.3	-131.3	-120.4	-120.0	-16.7	-17.1
k1	150	-2	6	0.1	1	0	0.17	0.18	-134.1	-132.2	-120.8	-120.6	-17.2	-17.6
k1	150	-2	6	0.2	1	0	0.15	0.15	-137.1	-135.2	-121.9	-121.8	-18.5	-18.9
k1	250	0	3	0	1	0	0.15	0.16	-146.2	-133.8	-128.5	-132.3	-16.3	-16.7
k1	250	0	3	0.1	1	0	0.13	0.13	-148.1	-136.3	-130.6	-133.9	-16.8	-17.2
k1	250	0	3	0.2	1	0	0.09	0.10	-156.4	-149.6	-136.6	-137.7	-18.3	-18.7
k1	250	0	6	0	1	0	0.12	0.12	-155.5	-143.7	-136.6	-137.5	-16.3	-16.7
k1	250	0	6	0.1	1	0	0.11	0.12	-156.2	-148.4	-137.0	-137.8	-16.8	-17.2
k1	250	0	6	0.2	1	0	0.08	0.08	-158.0	-155.6	-137.5	-138.1	-18.3	-18.7
k1	250	-1	3	0	1	0	0.15	0.16	-146.1	-133.7	-128.4	-132.2	-16.3	-16.7
k1	250	-1	3	0.1	1	0	0.13	0.13	-148.1	-136.3	-130.6	-133.9	-16.8	-17.2
k1	250	-1	3	0.2	1	0	0.09	0.10	-156.4	-149.6	-136.6	-137.7	-18.3	-18.7
k1	250	-1	6	0	1	0	0.12	0.12	-155.5	-143.7	-136.6	-137.5	-16.3	-16.7
k1	250	-1	6	0.1	1	0	0.11	0.12	-156.2	-148.4	-137.0	-137.8	-16.8	-17.2
k1	250	-1	6	0.2	1	0	0.08	0.08	-158.0	-155.6	-137.5	-138.1	-18.3	-18.7
k1	250	-2	3	0	1	0	0.15	0.16	-146.1	-133.7	-128.4	-132.2	-16.3	-16.7
k1	250	-2	3	0.1	1	0	0.13	0.13	-148.1	-136.3	-130.6	-133.9	-16.8	-17.2
k1	250	-2	3	0.2	1	0	0.09	0.10	-156.4	-149.6	-136.6	-137.7	-18.3	-18.7
k1	250	-2	6	0	1	0	0.12	0.12	-155.5	-143.7	-136.6	-137.5	-16.3	-16.7
k1	250	-2	6	0.1	1	0	0.11	0.12	-156.2	-148.4	-137.0	-137.8	-16.8	-17.2
k1	250	-2	6	0.2	1	0	0.08	0.08	-158.0	-155.6	-137.5	-138.1	-18.3	-18.7
k1	350	0	3	0	1	0	0.11	0.12	-130.9	-129.4	-114.0	-115.0	-16.2	-16.6
k1	350	0	3	0.1	1	0	0.10	0.11	-133.5	-132.9	-118.4	-119.3	-16.7	-17.1
k1	350	0	3	0.2	1	0	0.09	0.10	-152.2	-151.2	-134.8	-134.9	-18.3	-18.7
k1	350	0	6	0	1	0	0.09	0.11	-148.4	-145.5	-132.7	-132.8	-16.1	-16.6
k1	350	0	6	0.1	1	0	0.08	0.09	-150.0	-148.3	-134.5	-134.7	-16.7	-17.1
k1	350	0	6	0.2	1	0	0.07	0.09	-156.0	-156.1	-136.4	-136.9	-18.2	-18.7
k1	350	-1	3	0	1	0	0.11	0.12	-130.7	-129.2	-113.9	-114.8	-16.2	-16.6
k1	350	-1	3	0.1	1	0	0.10	0.11	-133.5	-132.9	-118.4	-119.3	-16.7	-17.1
k1	350	-1	3	0.2	1	0	0.09	0.10	-152.2	-151.2	-134.8	-134.8	-18.3	-18.7
k1	350	-1	6	0	1	0	0.09	0.11	-148.3	-145.5	-132.6	-132.8	-16.1	-16.6
k1	350	-1	6	0.1	1	0	0.08	0.10	-150.0	-148.3	-134.5	-134.6	-16.7	-17.1
k1	350	-1	6	0.2	1	0	0.07	0.09	-156.0	-156.1	-136.4	-136.8	-18.2	-18.7
k1	350	-2	3	0	1	0	0.11	0.12	-130.7	-129.2	-113.9	-114.8	-16.2	-16.6
k1	350	-2	3	0.1	1	0	0.10	0.11	-133.5	-132.9	-118.4	-119.3	-16.7	-17.1
k1	350	-2	3	0.2	1	0	0.09	0.10	-152.2	-151.2	-134.8	-134.8	-18.3	-18.7
k1	350	-2	6	0	1	0	0.09	0.11	-148.3	-145.5	-132.7	-132.8	-16.1	-16.6
k1	350	-2	6	0.1	1	0	0.08	0.10	-150.0	-148.3	-134.5	-134.6	-16.7	-17.1
k1	350	-2	6	0.2	1	0	0.07	0.09	-156.0	-156.1	-136.4	-136.8	-18.2	-18.7
k4	50	0	3	0	1	0	1.62	1.69	-115.4	-117.9	1.4	1.5	1.1	1.6
k4	50	0	3	0	4	0	1.44	1.67	-115.3	-117.7	-0.8	-0.5	-0.2	-0.1
k4	50	0	3	0.1	1	0	1.25	1.60	-117.0	-121.0	1.4	1.5	1.2	1.7
k4	50	0	3	0.1	4	0	1.15	1.45	-116.3	-120.4	-0.8	-0.5	-0.1	-0.0
k4	50	0	3	0.2	1	0	0.85	1.02	-118.1	-124.1	1.4	1.5	1.3	1.8
k4	50	0	3	0.2	4	0	0.79	0.93	-118.4	-123.5	-0.7	-0.4	-0.0	0.1
k4	50	0	6	0	1	0	1.67	1.78	-123.7	-125.9	1.4	1.5	1.1	1.6
k4	50	0	6	0	4	0	1.09	1.74	-124.0	-124.0	-0.8	-0.5	-0.2	-0.1
k4	50	0	6	0.1	1	0	1.05	1.26	-124.2	-126.3	1.4	1.4	1.2	1.7
k4	50	0	6	0.1	4	0	1.02	1.17	-123.5	-125.1	-0.8	-0.5	-0.1	-0.0
k4	50	0	6	0.2	1	0	0.94	1.08	-125.1	-128.4	1.4	1.4	1.3	1.8
k4	50	0	6	0.2	4	0	0.86	1.01	-124.7	-127.2	-0.7	-0.4	-0.0	0.2
k4	50	-1	3	0	1	0	1.61	1.69	-115.3	-118.0	1.4	1.5	1.1	1.6
k4	50	-1	3	0	4	0	1.42	1.66	-115.3	-117.8	-0.8	-0.5	-0.2	-0.1
k4	50	-1	3	0.1	1	0	1.25	1.60	-117.0	-121.0	1.4	1.5	1.2	1.7
k4	50	-1	3	0.1	4	0	1.15	1.45	-116.4	-120.4	-0.8	-0.5	-0.1	-0.0
k4	50	-1	3	0.2	1	0	0.85	1.02	-118.1	-124.1	1.4	1.5	1.3	1.8
k4	50	-1	3	0.2	4	0	0.79	0.93	-118.4	-123.5	-0.7	-0.4	-0.0	0.1
k4	50	-1	6	0	1	0	1.66	1.77	-123.6	-125.9	1.4	1.5	1.1	1.6
k4	50	-1	6	0	4	0	1.07	1.74	-124.0	-124.0	-0.8	-0.5	-0.2	-0.1
k4	50	-1	6	0.1	1	0	1.05	1.26	-124.2	-126.3	1.4	1.4	1.2	1.7
k4	50	-1	6	0.1	4	0	1.02	1.17	-123.5	-125.1	-0.8	-0.5	-0.1	-0.0
k4	50	-1	6	0.2	1	0	0.94	1.08	-125.1	-128.4	1.4	1.4	1.3	1.8
k4	50	-1	6	0.2	4	0	0.85	1.01	-124.7	-127.2	-0.7	-0.4	-0.0	0.2
k4	50	-2	3	0	1	0	1.61	1.69	-115.3	-118.0	1.4	1.5	1.1	1.6
k4	50	-2	3	0	4	0	1.42	1.66	-115.3	-117.8	-0.8	-0.5	-0.2	-0.1
k4	50	-2	3	0.1	1	0	1.25	1.60	-117.0	-121.0	1.4	1.5	1.2	1.7
k4	50	-2	3	0.1	4	0	1.15	1.45	-116.4	-120.4	-0.8	-0.5	-0.1	-0.0
k4	50	-2	3	0.2	1	0	0.85	1.02	-118.1	-124.1	1.4	1.5	1.3	1.8
k4	50	-2	3	0.2	4	0	0.79	0.93	-118.4	-123.5	-0.7	-0.4	-0.0	0.1
k4	50	-2	6	0	1	0	1.66	1.77	-123.6	-125.9	1.4	1.5	1.1	1.6
k4	50	-2	6	0	4	0	1.07	1.74	-124.0	-124.0	-0.8	-0.5	-0.2	-0.1
k4	50	-2	6	0.1	1	0	1.05	1.26	-124.2	-126.3	1.4	1.4	1.2	1.7
k4	50	-2	6	0.1	4	0	1.02	1.17	-123.5	-125.1	-0.8	-0.5	-0.1	-0.0
k4	50	-2	6	0.2	1	0	0.94	1.08	-125.1	-128.4	1.4	1.4	1.3	1.8
k4	50	-2	6	0.2	4	0	0.85	1.01	-124.7	-127.2	-0.7	-0.4	-0.0	0.2
k4	100	0	3	0	1	0	1.04	1.06	-107.6	-109.2	1.4	1.5	1.1	1.6
k4	100	0	3	0	4	0	0.83	1.05	-107.9	-109.7	-0.8	-0.4	-0.3	-0.2
k4	100	0	3	0.1	1	0	0.54	0.67	-110.0	-112.9	1.4	1.5	1.2	1.7
k4	100	0	3	0.1	4	0	0.53	0.61	-110.1	-113.4	-0.7	-0.4	-0.2	-0.1
k4	100	0	3	0.2	1	0	0.53	0.58	-112.6	-117.4	1.4	1.5	1.3	1.7
k4	100	0	3	0.2	4	0	0.39	0.58	-113.0	-118.2	-0.7	-0.4	-0.0	0.1
k4	100	0	6	0	1	0	0.78	0.81	-116.0	-117.6	1.4	1.5	1.1	1.6
k4	100	0	6	0	4	0	0.60	0.81	-117.2	-118.1	-0.7	-0.4	-0.3	-0.2
k4	100	0	6	0.1	1	0	0.43	0.48	-117.9	-119.8	1.4	1.5	1.2	1.7
k4	100	0	6	0.1	4	0	0.44	0.58	-118.0	-119.8	-0.7	-0.4	-0.2	-0.1
k4	100	0	6	0.2	1	0	0.44	0.51	-120.3	-123.2	1.4	1.5	1.3	1.7
k4	100	0	6	0.2	4	0	0.33	0.49	-120.5	-123.5	-0.6	-0.3	-0.0	0.1
k4	100	-1	3	0	1	0	1.02	1.05	-107.6	-109.2	1.4	1.5	1.1	1.6
k4	100	-1	3	0	4	0	0.82	1.04	-107.8	-109.8	-0.8	-0.4	-0.3	-0.2
k4	100	-1	3	0.1	1	0	0.54	0.67	-110.0	-112.9	1.4	1.5	1.2	1.7
k4	100	-1	3	0.1	4	0	0.53	0.61	-110.1	-113.4	-0.7	-0.4	-0.2	-0.1
k4	100	-1	3	0.2	1	0	0.53	0.58	-112.6	-117.4	1.4	1.5	1.3	1.7
k4	100	-1	3	0.2	4	0	0.39	0.58	-113.0	-118.2	-0.7	-0.4	-0.0	0.1
k4	100	-1	6	0	1	0	0.80	0.83	-116.0	-117.6	1.4	1.5	1.1	1.6
k4	100	-1	6	0	4	0	0.58	0.82	-117.2	-118.2	-0.7	-0.4	-0.3	-0.2
k4	100	-1	6	0.1	1	0	0.43	0.48	-117.9	-119.7	1.4	1.5	1.2	1.7
k4	100	-1	6	0.1	4	0	0.44	0.58	-118.0	-119.8	-0.7	-0.4	-0.2	-0.1
k4	100	-1	6	0.2	1	0	0.44	0.51	-120.3	-123.2	1.4	1.5	1.3	1.7
k4	100	-1	6	0.2	4	0	0.33	0.49	-120.5	-123.5	-0.6	-0.3	-0.0	0.1
k4	100	-2	3	0	1	0	1.02	1.05	-107.6	-109.2	1.4	1.5	1.1	1.6
k4	100	-2	3	0	4	0	0.82	1.04	-107.8	-109.8	-0.8	-0.4	-0.3	-0.2
k4	100	-2	3	0.1	1	0	0.54	0.67	-110.0	-112.9	1.4	1.5	1.2	1.7
k4	100	-2	3	0.1	4	0	0.53	0.61	-110.1	-113.4	-0.7	-0.4	-0.2	-0.1
k4	100	-2	3	0.2	1	0	0.53	0.58	-112.6	-117.4	1.4	1.5	1.3	1.7
k4	100	-2	3	0.2	4	0	0.39	0.58	-113.0	-118.2	-0.7	-0.4	-0.0	0.1
k4	100	-2	6	0	1	0	0.80	0.83	-116.0	-117.6	1.4	1.5	1.1	1.6
k4	100	-2	6	0	4	0	0.58	0.82	-117.2	-118.2	-0.7	-0.4	-0.3	-0.2
k4	100	-2	6	0.1	1	0	0.43	0.48	-117.9	-119.7	1.4	1.5	1.2	1.7
k4	100	-2	6	0.1	4	0	0.44	0.58	-118.0	-119.8	-0.7	-0.4	-0.2	-0.1
k4	100	-2	6	0.2	1	0	0.44	0.51	-120.3	-123.2	1.4	1.5	1.3	1.7
k4	100	-2	6	0.2	4	0	0.33	0.49	-120.5	-123.5	-0.6	-0.3	-0.0	0.1
k4	150	0	3	0	1	0	0.73	0.74	-108.6	-106.9	1.3	1.4	1.1	1.6
k4	150	0	3	0	4	0	0.58	0.74	-108.6	-107.3	-0.8	-0.5	-0.3	-0.2
k4	150	0	3	0.1	1	0	0.35	0.42	-113.6	-112.7	1.3	1.4	1.3	1.7
k4	150	0	3	0.1	4	0	0.35	0.36	-113.4	-114.0	-0.8	-0.5	-0.1	-0.0
k4	150	0	3	0.2	1	0	0.37	0.40	-117.6	-119.0	1.3	1.4	1.3	1.8
k4	150	0	3	0.2	4	0	0.24	0.40	-118.1	-119.3	-0.7	-0.4	-0.0	0.1
k4	150	0	6	0	1	0	0.48	0.49	-118.0	-117.7	1.3	1.4	1.1	1.6
k4	150	0	6	0	4	0	0.51	0.53	-119.4	-117.3	-0.8	-0.5	-0.2	-0.2
k4	150	0	6	0.1	1	0	0.32	0.39	-122.0	-121.4	1.3	1.4	1.3	1.7
k4	150	0	6	0.1	4	0	0.30	0.39	-122.7	-121.8	-0.8	-0.5	-0.1	-0.0
k4	150	0	6	0.2	1	0	0.23	0.26	-125.2	-124.3	1.3	1.4	1.3	1.8
k4	150	0	6	0.2	4	0	0.23	0.26	-125.8	-125.4	-0.7	-0.4	-0.0	0.1
k4	150	-1	3	0	1	0	0.75	0.76	-108.6	-107.0	1.3	1.4	1.1	1.6
k4	150	-1	3	0	4	0	0.59	0.76	-108.5	-107.4	-0.8	-0.5	-0.3	-0.2
k4	150	-1	3	0.1	1	0	0.36	0.42	-113.6	-112.7	1.3	1.4	1.3	1.7
k4	150	-1	3	0.1	4	0	0.35	0.38	-113.4	-114.0	-0.8	-0.5	-0.1	-0.0
k4	150	-1	3	0.2	1	0	0.37	0.40	-117.6	-119.0	1.3	1.4	1.3	1.8
k4	150	-1	3	0.2	4	0	0.24	0.40	-118.1	-119.3	-0.7	-0.4	-0.0	0.1
k4	150	-1	6	0	1	0	0.45	0.46	-117.9	-117.8	1.3	1.4	1.1	1.6
k4	150	-1	6	0	4	0	0.49	0.50	-119.4	-117.3	-0.8	-0.5	-0.2	-0.2
k4	150	-1	6	0.1	1	0	0.32	0.39	-122.0	-121.3	1.3	1.4	1.3	1.7
k4	150	-1	6	0.1	4	0	0.31	0.39	-122.7	-121.8	-0.8	-0.5	-0.1	-0.0
k4	150	-1	6	0.2	1	0	0.23	0.26	-125.2	-124.3	1.3	1.4	1.3	1.8
k4	150	-1	6	0.2	4	0	0.23	0.26	-125.8	-125.4	-0.7	-0.4	-0.0	0.1
k4	150	-2	3	0	1	0	0.75	0.76	-108.6	-107.0	1.3	1.4	1.1	1.6
k4	150	-2	3	0	4	0	0.59	0.76	-108.5	-107.4	-0.8	-0.5	-0.3	-0.2
k4	150	-2	3	0.1	1	0	0.36	0.42	-113.6	-112.7	1.3	1.4	1.3	1.7
k4	150	-2	3	0.1	4	0	0.35	0.38	-113.4	-114.0	-0.8	-0.5	-0.1	-0.0
k4	150	-2	3	0.2	1	0	0.37	0.40	-117.6	-119.0	1.3	1.4	1.3	1.8
k4	150	-2	3	0.2	4	0	0.24	0.40	-118.1	-119.3	-0.7	-0.4	-0.0	0.1
k4	150	-2	6	0	1	0	0.45	0.46	-117.9	-117.8	1.3	1.4	1.1	1.6
k4	150	-2	6	0	4	0	0.49	0.50	-119.4	-117.3	-0.8	-0.5	-0.2	-0.2
k4	150	-2	6	0.1	1	0	0.32	0.39	-122.0	-121.3	1.3	1.4	1.3	1.7
k4	150	-2	6	0.1	4	0	0.31	0.39	-122.7	-121.8	-0.8	-0.5	-0.1	-0.0
k4	150	-2	6	0.2	1	0	0.23	0.26	-125.2	-124.3	1.3	1.4	1.3	1.8
k4	150	-2	6	0.2	4	0	0.23	0.26	-125.8	-125.4	-0.7	-0.4	-0.0	0.1
k4	250	0	3	0	1	0	0.46	0.46	-116.8	-122.8	1.4	1.5	1.1	1.6
k4	250	0	3	0	4	0	0.40	0.46	-117.2	-122.7	-0.8	-0.5	-0.3	-0.2
k4	250	0	3	0.1	1	0	0.21	0.24	-123.2	-130.1	1.4	1.4	1.2	1.7
k4	250	0	3	0.1	4	0	0.18	0.24	-124.2	-129.6	-0.7	-0.4	-0.2	-0.1
k4	250	0	3	0.2	1	0	0.13	0.15	-130.2	-135.9	1.4	1.5	1.3	1.7
k4	250	0	3	0.2	4	0	0.11	0.15	-130.6	-134.9	-0.7	-0.4	-0.0	0.1
k4	250	0	6	0	1	0	0.38	0.38	-126.6	-132.0	1.4	1.5	1.1	1.6
k4	250	0	6	0	4	0	0.37	0.38	-127.6	-131.8	-0.8	-0.5	-0.3	-0.2
k4	250	0	6	0.1	1	0	0.17	0.22	-129.3	-134.6	1.4	1.5	1.2	1.7
k4	250	0	6	0.1	4	0	0.17	0.22	-130.0	-134.4	-0.7	-0.4	-0.2	-0.1
k4	250	0	6	0.2	1	0	0.12	0.14	-132.8	-137.0	1.4	1.5	1.3	1.7
k4	250	0	6	0.2	4	0	0.10	0.14	-133.0	-135.8	-0.6	-0.4	-0.0	0.1
k4	250	-1	3	0	1	0	0.45	0.45	-116.7	-122.9	1.4	1.5	1.1	1.6
k4	250	-1	3	0	4	0	0.40	0.45	-117.0	-122.8	-0.8	-0.5	-0.3	-0.2
k4	250	-1	3	0.1	1	0	0.21	0.25	-123.3	-130.1	1.4	1.4	1.2	1.7
k4	250	-1	3	0.1	4	0	0.18	0.24	-124.2	-129.6	-0.7	-0.4	-0.2	-0.1
k4	250	-1	3	0.2	1	0	0.14	0.15	-130.2	-135.9	1.4	1.5	1.3	1.7
k4	250	-1	3	0.2	4	0	0.11	0.15	-130.6	-134.9	-0.7	-0.4	-0.0	0.1
k4	250	-1	6	0	1	0	0.37	0.38	-126.5	-132.1	1.4	1.5	1.1	1.6
k4	250	-1	6	0	4	0	0.35	0.38	-127.3	-131.9	-0.8	-0.5	-0.3	-0.2
k4	250	-1	6	0.1	1	0	0.16	0.22	-129.2	-134.6	1.4	1.5	1.2	1.7
k4	250	-1	6	0.1	4	0	0.17	0.22	-130.0	-134.4	-0.7	-0.4	-0.2	-0.1
k4	250	-1	6	0.2	1	0	0.12	0.14	-132.8	-137.0	1.4	1.5	1.3	1.7
k4	250	-1	6	0.2	4	0	0.10	0.14	-133.0	-135.8	-0.6	-0.4	-0.0	0.1
k4	250	-2	3	0	1	0	0.45	0.45	-116.7	-122.9	1.4	1.5	1.1	1.6
k4	250	-2	3	0	4	0	0.40	0.45	-117.0	-122.8	-0.8	-0.5	-0.3	-0.2
k4	250	-2	3	0.1	1	0	0.21	0.25	-123.3	-130.1	1.4	1.4	1.2	1.7
k4	250	-2	3	0.1	4	0	0.18	0.24	-124.2	-129.6	-0.7	-0.4	-0.2	-0.1
k4	250	-2	3	0.2	1	0	0.14	0.15	-130.2	-135.9	1.4	1.5	1.3	1.7
k4	250	-2	3	0.2	4	0	0.11	0.15	-130.6	-134.9	-0.7	-0.4	-0.0	0.1
k4	250	-2	6	0	1	0	0.37	0.38	-126.5	-132.1	1.4	1.5	1.1	1.6
k4	250	-2	6	0	4	0	0.35	0.38	-127.3	-131.9	-0.8	-0.5	-0.3	-0.2
k4	250	-2	6	0.1	1	0	0.16	0.22	-129.2	-134.6	1.4	1.5	1.2	1.7
k4	250	-2	6	0.1	4	0	0.17	0.22	-130.0	-134.4	-0.7	-0.4	-0.2	-0.1
k4	250	-2	6	0.2	1	0	0.12	0.14	-132.8	-137.0	1.4	1.5	1.3	1.7
k4	250	-2	6	0.2	4	0	0.10	0.14	-133.0	-135.8	-0.6	-0.4	-0.0	0.1
k4	350	0	3	0	1	0	0.31	0.31	-106.7	-106.9	1.4	1.5	1.1	1.6
k4	350	0	3	0	4	0	0.32	0.32	-106.8	-107.2	-0.8	-0.5	-0.3	-0.2
k4	350	0	3	0.1	1	0	0.10	0.13	-118.2	-118.3	1.4	1.4	1.2	1.7
k4	350	0	3	0.1	4	0	0.11	0.12	-118.0	-118.2	-0.7	-0.4	-0.2	-0.1
k4	350	0	3	0.2	1	0	0.06	0.11	-122.8	-125.1	1.4	1.5	1.3	1.7
k4	350	0	3	0.2	4	0	0.06	0.11	-123.0	-124.9	-0.7	-0.4	-0.0	0.1
k4	350	0	6	0	1	0	0.29	0.29	-119.3	-117.9	1.4	1.5	1.1	1.6
k4	350	0	6	0	4	0	0.27	0.29	-119.3	-118.1	-0.8	-0.5	-0.3	-0.2
k4	350	0	6	0.1	1	0	0.10	0.11	-124.7	-124.3	1.4	1.4	1.2	1.7
k4	350	0	6	0.1	4	0	0.10	0.11	-125.2	-123.8	-0.7	-0.4	-0.2	-0.1
k4	350	0	6	0.2	1	0	0.04	0.07	-128.4	-129.5	1.4	1.5	1.3	1.7
k4	350	0	6	0.2	4	0	0.04	0.07	-128.1	-129.0	-0.6	-0.4	-0.1	0.1
k4	350	-1	3	0	1	0	0.29	0.29	-106.3	-106.7	1.4	1.5	1.1	1.6
k4	350	-1	3	0	4	0	0.31	0.31	-106.5	-107.0	-0.8	-0.5	-0.3	-0.2
k4	350	-1	3	0.1	1	0	0.10	0.16	-118.1	-118.3	1.4	1.4	1.2	1.7
k4	350	-1	3	0.1	4	0	0.11	0.15	-117.9	-118.1	-0.7	-0.4	-0.2	-0.1
k4	350	-1	3	0.2	1	0	0.06	0.15	-122.8	-125.1	1.4	1.5	1.3	1.7
k4	350	-1	3	0.2	4	0	0.06	0.15	-123.0	-124.9	-0.7	-0.4	-0.0	0.1
k4	350	-1	6	0	1	0	0.26	0.26	-119.4	-118.1	1.4	1.5	1.1	1.6
k4	350	-1	6	0	4	0	0.27	0.27	-119.3	-118.2	-0.8	-0.5	-0.3	-0.2
k4	350	-1	6	0.1	1	0	0.10	0.11	-124.7	-124.3	1.4	1.4	1.2	1.7
k4	350	-1	6	0.1	4	0	0.10	0.11	-125.2	-123.7	-0.7	-0.4	-0.2	-0.1
k4	350	-1	6	0.2	1	0	0.04	0.08	-128.4	-129.5	1.4	1.5	1.3	1.7
k4	350	-1	6	0.2	4	0	0.04	0.08	-128.1	-129.0	-0.6	-0.4	-0.1	0.1
k4	350	-2	3	0	1	0	0.29	0.29	-106.3	-106.7	1.4	1.5	1.1	1.6
k4	350	-2	3	0	4	0	0.31	0.31	-106.5	-107.0	-0.8	-0.5	-0.3	-0.2
k4	350	-2	3	0.1	1	0	0.10	0.18	-118.1	-118.3	1.4	1.4	1.2	1.7
k4	350	-2	3	0.1	4	0	0.11	0.18	-117.9	-118.1	-0.7	-0.4	-0.2	-0.1
k4	350	-2	3	0.2	1	0	0.06	0.17	-122.8	-125.1	1.4	1.5	1.3	1.7
k4	350	-2	3	0.2	4	0	0.06	0.17	-123.0	-124.9	-0.7	-0.4	-0.0	0.1
k4	350	-2	6	0	1	0	0.26	0.26	-119.4	-118.1	1.4	1.5	1.1	1.6
k4	350	-2	6	0	4	0	0.27	0.27	-119.3	-118.2	-0.8	-0.5	-0.3	-0.2
k4	350	-2	6	0.1	1	0	0.10	0.11	-124.7	-124.3	1.4	1.4	1.2	1.7
k4	350	-2	6	0.1	4	0	0.10	0.11	-125.2	-123.7	-0.7	-0.4	-0.2	-0.1
k4	350	-2	6	0.2	1	0	0.04	0.08	-128.4	-129.5	1.4	1.5	1.3	1.7
k4	350	-2	6	0.2	4	0	0.04	0.08	-128.1	-129.0	-0.6	-0.4	-0.1	0.1
g2-1000	50	0	3	0	1	0	1.68	1.74	-103.2	-98.2	2.6	2.2	1.1	1.0
g2-1000	50	0	3	0	1	1	1.85	1.91	-95.1	-97.5	2.9	2.4	-31.3	-31.3
g2-1000	50	0	3	0	4	0	1.53	1.60	-101.0	-105.6	2.2	2.1	-13.8	-13.8
g2-1000	50	0	3	0	4	1	1.60	1.68	-101.2	-104.0	2.3	2.3	-43.6	-42.4
g2-1000	50	0	3	0.1	1	0	1.67	1.75	-97.2	-95.8	2.5	2.1	2.6	2.6
g2-1000	50	0	3	0.1	1	1	1.97	2.03	-96.1	-99.1	2.9	2.4	-30.1	-30.2
g2-1000	50	0	3	0.1	4	0	1.52	1.66	-105.5	-110.5	2.2	2.1	-13.4	-13.7
g2-1000	50	0	3	0.1	4	1	1.65	1.75	-101.8	-104.0	2.4	2.3	-43.9	-42.7
g2-1000	50	0	3	0.2	1	0	1.11	1.16	-104.7	-110.8	2.3	2.0	2.3	2.2
g2-1000	50	0	3	0.2	1	1	1.75	1.80	-97.7	-100.4	2.9	2.7	-30.7	-30.7
g2-1000	50	0	3	0.2	4	0	0.94	1.07	-110.2	-115.0	2.2	2.2	-9.7	-9.7
g2-1000	50	0	3	0.2	4	1	1.30	1.38	-102.6	-104.4	2.5	2.4	-42.9	-42.5
g2-1000	50	0	6	0	1	0	1.68	1.77	-109.8	-108.4	2.6	2.2	1.0	0.9
g2-1000	50	0	6	0	1	1	2.03	2.14	-103.1	-105.1	2.9	2.5	-51.3	-51.6
g2-1000	50	0	6	0	4	0	1.48	1.59	-112.5	-114.6	2.2	2.1	-13.9	-13.9
g2-1000	50	0	6	0	4	1	1.74	1.86	-108.0	-109.5	2.4	2.3	-54.4	-53.1
g2-1000	50	0	6	0.1	1	0	1.45	1.58	-106.5	-103.1	2.5	2.1	2.4	2.4
g2-1000	50	0	6	0.1	1	1	1.98	2.08	-103.3	-106.7	2.9	2.5	-50.5	-51.1
g2-1000	50	0	6	0.1	4	0	1.27	1.45	-113.7	-116.8	2.2	2.1	-13.4	-13.6
g2-1000	50	0	6	0.1	4	1	1.63	1.70	-108.3	-109.9	2.4	2.4	-54.4	-53.2
g2-1000	50	0	6	0.2	1	0	1.32	1.40	-108.2	-111.3	2.3	2.0	2.2	2.2
g2-1000	50	0	6	0.2	1	1	1.97	2.06	-103.0	-106.1	3.0	2.8	-48.9	-48.5
g2-1000	50	0	6	0.2	4	0	0.93	1.29	-114.8	-116.9	2.2	2.2	-9.8	-9.8
g2-1000	50	0	6	0.2	4	1	1.48	1.57	-108.7	-110.5	2.5	2.5	-54.8	-53.5
g2-1000	50	-1	3	0	1	0	1.68	1.73	-103.1	-97.7	2.6	2.2	1.1	1.1
g2-1000	50	-1	3	0	1	1	1.85	1.92	-95.1	-97.4	2.9	2.4	-31.2	-31.3
g2-1000	50	-1	3	0	4	0	1.53	1.60	-100.8	-105.7	2.2	2.1	-13.8	-13.8
g2-1000	50	-1	3	0	4	1	1.61	1.68	-101.2	-103.9	2.3	2.3	-43.6	-42.4
g2-1000	50	-1	3	0.1	1	0	1.67	1.75	-97.2	-95.8	2.5	2.1	2.6	2.5
g2-1000	50	-1	3	0.1	1	1	1.96	2.03	-96.1	-99.1	2.9	2.4	-30.1	-30.2
g2-1000	50	-1	3	0.1	4	0	1.52	1.66	-105.5	-110.5	2.2	2.1	-13.4	-13.7
g2-1000	50	-1	3	0.1	4	1	1.65	1.75	-101.8	-104.0	2.4	2.3	-43.9	-42.7
g2-1000	50	-1	3	0.2	1	0	1.11	1.16	-104.7	-110.8	2.3	2.0	2.3	2.2
g2-1000	50	-1	3	0.2	1	1	1.75	1.80	-97.7	-100.4	2.9	2.7	-30.7	-30.7
g2-1000	50	-1	3	0.2	4	0	0.94	1.07	-110.2	-115.0	2.2	2.2	-9.7	-9.7
g2-1000	50	-1	3	0.2	4	1	1.30	1.38	-102.6	-104.4	2.5	2.4	-42.9	-42.5
g2-1000	50	-1	6	0	1	0	1.68	1.76	-109.8	-108.3	2.6	2.2	1.0	1.0
g2-1000	50	-1	6	0	1	1	2.03	2.14	-103.1	-105.1	2.9	2.5	-51.4	-51.6
g2-1000	50	-1	6	0	4	0	1.48	1.59	-112.5	-114.6	2.2	2.1	-13.9	-13.8
g2-1000	50	-1	6	0	4	1	1.74	1.86	-108.0	-109.5	2.4	2.3	-54.4	-53.1
g2-1000	50	-1	6	0.1	1	0	1.45	1.58	-106.5	-103.1	2.5	2.1	2.4	2.4
g2-1000	50	-1	6	0.1	1	1	1.98	2.08	-103.3	-106.7	2.9	2.5	-50.5	-51.1
g2-1000	50	-1	6	0.1	4	0	1.27	1.45	-113.7	-116.8	2.2	2.1	-13.4	-13.6
g2-1000	50	-1	6	0.1	4	1	1.63	1.70	-108.3	-109.9	2.4	2.4	-54.4	-53.2
g2-1000	50	-1	6	0.2	1	0	1.32	1.40	-108.2	-111.3	2.3	2.0	2.2	2.2
g2-1000	50	-1	6	0.2	1	1	1.97	2.06	-103.0	-106.1	3.0	2.8	-48.9	-48.5
g2-1000	50	-1	6	0.2	4	0	0.93	1.29	-114.8	-116.9	2.2	2.2	-9.8	-9.8
g2-1000	50	-1	6	0.2	4	1	1.48	1.57	-108.7	-110.5	2.5	2.5	-54.8	-53.5
g2-1000	50	-2	3	0	1	0	1.68	1.73	-103.1	-97.7	2.6	2.2	1.1	1.1
g2-1000	50	-2	3	0	1	1	1.85	1.92	-95.1	-97.4	2.9	2.4	-31.2	-31.3
g2-1000	50	-2	3	0	4	0	1.53	1.60	-100.8	-105.7	2.2	2.1	-13.8	-13.8
g2-1000	50	-2	3	0	4	1	1.61	1.68	-101.2	-103.9	2.3	2.3	-43.6	-42.4
g2-1000	50	-2	3	0.1	1	0	1.67	1.75	-97.2	-95.8	2.5	2.1	2.6	2.5
g2-1000	50	-2	3	0.1	1	1	1.96	2.03	-96.1	-99.1	2.9	2.4	-30.1	-30.2
g2-1000	50	-2	3	0.1	4	0	1.52	1.66	-105.5	-110.5	2.2	2.1	-13.4	-13.7
g2-1000	50	-2	3	0.1	4	1	1.65	1.75	-101.8	-104.0	2.4	2.3	-43.9	-42.7
g2-1000	50	-2	3	0.2	1	0	1.11	1.16	-104.7	-110.8	2.3	2.0	2.3	2.2
g2-1000	50	-2	3	0.2	1	1	1.75	1.80	-97.7	-100.4	2.9	2.7	-30.7	-30.7
g2-1000	50	-2	3	0.2	4	0	0.94	1.07	-110.2	-115.0	2.2	2.2	-9.7	-9.7
g2-1000	50	-2	3	0.2	4	1	1.30	1.38	-102.6	-104.4	2.5	2.4	-42.9	-42.5
g2-1000	50	-2	6	0	1	0	1.68	1.76	-109.8	-108.3	2.6	2.2	1.0	1.0
g2-1000	50	-2	6	0	1	1	2.03	2.14	-103.1	-105.1	2.9	2.5	-51.4	-51.6
g2-1000	50	-2	6	0	4	0	1.48	1.59	-112.5	-114.6	2.2	2.1	-13.9	-13.8
g2-1000	50	-2	6	0	4	1	1.74	1.86	-108.0	-109.5	2.4	2.3	-54.4	-53.1
g2-1000	50	-2	6	0.1	1	0	1.45	1.58	-106.5	-103.1	2.5	2.1	2.4	2.4
g2-1000	50	-2	6	0.1	1	1	1.98	2.08	-103.3	-106.7	2.9	2.5	-50.5	-51.1
g2-1000	50	-2	6	0.1	4	0	1.27	1.45	-113.7	-116.8	2.2	2.1	-13.4	-13.6
g2-1000	50	-2	6	0.1	4	1	1.63	1.70	-108.3	-109.9	2.4	2.4	-54.4	-53.2
g2-1000	50	-2	6	0.2	1	0	1.32	1.40	-108.2	-111.3	2.3	2.0	2.2	2.2
g2-1000	50	-2	6	0.2	1	1	1.97	2.06	-103.0	-106.1	3.0	2.8	-48.9	-48.5
g2-1000	50	-2	6	0.2	4	0	0.93	1.29	-114.8	-116.9	2.2	2.2	-9.8	-9.8
g2-1000	50	-2	6	0.2	4	1	1.48	1.57	-108.7	-110.5	2.5	2.5	-54.8	-53.5
g2-1000	100	0	3	0	1	0	0.98	1.00	-112.5	-107.2	2.6	2.1	1.3	1.3
g2-1000	100	0	3	0	1	1	1.20	1.20	-113.7	-114.6	2.7	2.2	-4.8	-4.9
g2-1000	100	0	3	0	4	0	0.89	0.90	-109.2	-107.4	2.2	2.1	-13.7	-13.8
g2-1000	100	0	3	0	4	1	1.01	1.02	-115.1	-115.6	2.2	2.1	-18.6	-18.3
g2-1000	100	0	3	0.1	1	0	0.86	0.88	-107.6	-101.8	2.5	2.0	2.9	2.9
g2-1000	100	0	3	0.1	1	1	1.01	1.02	-111.4	-114.2	2.6	2.2	-3.3	-3.3
g2-1000	100	0	3	0.1	4	0	0.75	0.81	-115.7	-114.4	2.2	2.1	-13.4	-13.8
g2-1000	100	0	3	0.1	4	1	0.71	0.77	-116.6	-117.8	2.2	2.1	-18.6	-18.5
g2-1000	100	0	3	0.2	1	0	0.50	0.52	-112.6	-117.3	2.3	2.1	2.3	2.3
g2-1000	100	0	3	0.2	1	1	1.05	1.06	-107.6	-110.1	2.6	2.5	-3.6	-3.6
g2-1000	100	0	3	0.2	4	0	0.41	0.47	-119.1	-120.8	2.2	2.2	-9.4	-9.5
g2-1000	100	0	3	0.2	4	1	0.64	0.66	-114.6	-115.2	2.3	2.2	-15.8	-16.0
g2-1000	100	0	6	0	1	0	0.80	0.83	-123.7	-117.0	2.6	2.1	1.3	1.2
g2-1000	100	0	6	0	1	1	1.16	1.17	-113.7	-114.1	2.7	2.2	-9.3	-9.4
g2-1000	100	0	6	0	4	0	0.67	0.69	-123.1	-118.9	2.2	2.1	-13.7	-13.8
g2-1000	100	0	6	0	4	1	0.93	0.95	-126.1	-126.0	2.2	2.1	-23.1	-22.5
g2-1000	100	0	6	0.1	1	0	0.57	0.59	-117.6	-108.6	2.5	2.0	2.8	2.8
g2-1000	100	0	6	0.1	1	1	0.93	0.94	-115.7	-115.2	2.6	2.3	-8.1	-8.1
g2-1000	100	0	6	0.1	4	0	0.48	0.50	-126.9	-121.4	2.2	2.1	-13.3	-13.7
g2-1000	100	0	6	0.1	4	1	0.63	0.66	-126.3	-127.1	2.2	2.1	-23.1	-22.7
g2-1000	100	0	6	0.2	1	0	0.44	0.47	-122.8	-123.3	2.3	2.1	2.3	2.2
g2-1000	100	0	6	0.2	1	1	1.03	1.04	-120.7	-119.9	2.6	2.5	-8.6	-8.6
g2-1000	100	0	6	0.2	4	0	0.35	0.41	-129.1	-128.3	2.2	2.2	-9.5	-9.6
g2-1000	100	0	6	0.2	4	1	0.59	0.60	-127.7	-127.9	2.3	2.2	-20.6	-21.0
g2-1000	100	-1	3	0	1	0	0.98	1.00	-112.4	-106.3	2.6	2.1	1.3	1.3
g2-1000	100	-1	3	0	1	1	1.21	1.21	-113.7	-114.6	2.7	2.2	-4.8	-4.8
g2-1000	100	-1	3	0	4	0	0.88	0.89	-109.0	-107.5	2.2	2.1	-13.8	-13.8
g2-1000	100	-1	3	0	4	1	1.01	1.03	-114.9	-115.6	2.2	2.1	-18.6	-18.3
g2-1000	100	-1	3	0.1	1	0	0.86	0.88	-107.6	-101.8	2.5	2.0	2.9	2.9
g2-1000	100	-1	3	0.1	1	1	1.02	1.03	-111.4	-114.2	2.6	2.2	-3.3	-3.3
g2-1000	100	-1	3	0.1	4	0	0.75	0.81	-115.7	-114.4	2.2	2.1	-13.4	-13.8
g2-1000	100	-1	3	0.1	4	1	0.71	0.77	-116.6	-117.8	2.2	2.1	-18.6	-18.5
g2-1000	100	-1	3	0.2	1	0	0.50	0.52	-112.6	-117.3	2.3	2.1	2.3	2.3
g2-1000	100	-1	3	0.2	1	1	1.05	1.06	-107.6	-110.1	2.6	2.5	-3.6	-3.6
g2-1000	100	-1	3	0.2	4	0	0.41	0.47	-119.1	-120.8	2.2	2.2	-9.4	-9.5
g2-1000	100	-1	3	0.2	4	1	0.64	0.66	-114.6	-115.2	2.3	2.2	-15.8	-16.0
g2-1000	100	-1	6	0	1	0	0.81	0.84	-123.7	-117.0	2.6	2.1	1.3	1.3
g2-1000	100	-1	6	0	1	1	1.15	1.16	-113.6	-114.0	2.7	2.2	-9.3	-9.4
g2-1000	100	-1	6	0	4	0	0.68	0.70	-123.1	-118.9	2.2	2.1	-13.8	-13.8
g2-1000	100	-1	6	0	4	1	0.92	0.95	-126.0	-126.0	2.2	2.1	-23.1	-22.5
g2-1000	100	-1	6	0.1	1	0	0.57	0.59	-117.6	-108.6	2.5	2.0	2.8	2.8
g2-1000	100	-1	6	0.1	1	1	0.93	0.94	-115.7	-115.3	2.6	2.3	-8.1	-8.1
g2-1000	100	-1	6	0.1	4	0	0.48	0.50	-126.9	-121.4	2.2	2.1	-13.3	-13.7
g2-1000	100	-1	6	0.1	4	1	0.63	0.66	-126.3	-127.1	2.2	2.1	-23.1	-22.7
g2-1000	100	-1	6	0.2	1	0	0.44	0.47	-122.8	-123.3	2.3	2.1	2.3	2.2
g2-1000	100	-1	6	0.2	1	1	1.03	1.04	-120.7	-119.9	2.6	2.5	-8.6	-8.6
g2-1000	100	-1	6	0.2	4	0	0.35	0.41	-129.1	-128.3	2.2	2.2	-9.5	-9.6
g2-1000	100	-1	6	0.2	4	1	0.59	0.60	-127.7	-127.9	2.3	2.2	-20.6	-21.0
g2-1000	100	-2	3	0	1	0	0.98	1.00	-112.4	-106.3	2.6	2.1	1.3	1.3
g2-1000	100	-2	3	0	1	1	1.21	1.21	-113.7	-114.6	2.7	2.2	-4.8	-4.8
g2-1000	100	-2	3	0	4	0	0.88	0.89	-109.0	-107.5	2.2	2.1	-13.8	-13.8
g2-1000	100	-2	3	0	4	1	1.01	1.03	-114.9	-115.6	2.2	2.1	-18.6	-18.3
g2-1000	100	-2	3	0.1	1	0	0.86	0.88	-107.6	-101.8	2.5	2.0	2.9	2.9
g2-1000	100	-2	3	0.1	1	1	1.02	1.03	-111.4	-114.2	2.6	2.2	-3.3	-3.3
g2-1000	100	-2	3	0.1	4	0	0.75	0.81	-115.7	-114.4	2.2	2.1	-13.4	-13.8
g2-1000	100	-2	3	0.1	4	1	0.71	0.77	-116.6	-117.8	2.2	2.1	-18.6	-18.5
g2-1000	100	-2	3	0.2	1	0	0.50	0.52	-112.6	-117.3	2.3	2.1	2.3	2.3
g2-1000	100	-2	3	0.2	1	1	1.05	1.06	-107.6	-110.1	2.6	2.5	-3.6	-3.6
g2-1000	100	-2	3	0.2	4	0	0.41	0.47	-119.1	-120.8	2.2	2.2	-9.4	-9.5
g2-1000	100	-2	3	0.2	4	1	0.64	0.66	-114.6	-115.2	2.3	2.2	-15.8	-16.0
g2-1000	100	-2	6	0	1	0	0.81	0.84	-123.7	-117.0	2.6	2.1	1.3	1.3
g2-1000	100	-2	6	0	1	1	1.15	1.16	-113.6	-114.0	2.7	2.2	-9.3	-9.4
g2-1000	100	-2	6	0	4	0	0.68	0.70	-123.1	-118.9	2.2	2.1	-13.8	-13.8
g2-1000	100	-2	6	0	4	1	0.92	0.95	-126.0	-126.0	2.2	2.1	-23.1	-22.5
g2-1000	100	-2	6	0.1	1	0	0.57	0.59	-117.6	-108.6	2.5	2.0	2.8	2.8
g2-1000	100	-2	6	0.1	1	1	0.93	0.94	-115.7	-115.3	2.6	2.3	-8.1	-8.1
g2-1000	100	-2	6	0.1	4	0	0.48	0.50	-126.9	-121.4	2.2	2.1	-13.3	-13.7
g2-1000	100	-2	6	0.1	4	1	0.63	0.66	-126.3	-127.1	2.2	2.1	-23.1	-22.7
g2-1000	100	-2	6	0.2	1	0	0.44	0.47	-122.8	-123.3	2.3	2.1	2.3	2.2
g2-1000	100	-2	6	0.2	1	1	1.03	1.04	-120.7	-119.9	2.6	2.5	-8.6	-8.6
g2-1000	100	-2	6	0.2	4	0	0.35	0.41	-129.1	-128.3	2.2	2.2	-9.5	-9.6
g2-1000	100	-2	6	0.2	4	1	0.59	0.60	-127.7	-127.9	2.3	2.2	-20.6	-21.0
g2-1000	150	0	3	0	1	0	0.73	0.74	-121.4	-126.4	2.6	2.1	1.4	1.4
g2-1000	150	0	3	0	1	1	0.82	0.83	-107.1	-110.9	2.6	2.2	-0.0	-0.1
g2-1000	150	0	3	0	4	0	0.65	0.66	-116.6	-123.9	2.1	2.1	-13.7	-13.7
g2-1000	150	0	3	0	4	1	0.64	0.65	-111.8	-115.3	2.2	2.1	-14.0	-14.1
g2-1000	150	0	3	0.1	1	0	0.51	0.51	-117.1	-121.6	2.4	2.0	3.0	3.0
g2-1000	150	0	3	0.1	1	1	0.70	0.71	-104.6	-107.3	2.6	2.2	1.6	1.6
g2-1000	150	0	3	0.1	4	0	0.46	0.47	-124.2	-131.0	2.2	2.1	-13.4	-13.8
g2-1000	150	0	3	0.1	4	1	0.43	0.45	-112.5	-116.7	2.2	2.1	-14.0	-14.3
g2-1000	150	0	3	0.2	1	0	0.31	0.31	-121.5	-130.1	2.3	2.0	2.3	2.3
g2-1000	150	0	3	0.2	1	1	0.83	0.84	-107.5	-112.0	2.5	2.4	1.4	1.3
g2-1000	150	0	3	0.2	4	0	0.26	0.28	-128.1	-133.5	2.2	2.1	-9.3	-9.4
g2-1000	150	0	3	0.2	4	1	0.44	0.45	-114.2	-119.1	2.3	2.2	-10.9	-11.1
g2-1000	150	0	6	0	1	0	0.47	0.49	-129.2	-133.5	2.5	2.1	1.4	1.4
g2-1000	150	0	6	0	1	1	0.88	0.89	-119.3	-119.3	2.6	2.2	-0.5	-0.6
g2-1000	150	0	6	0	4	0	0.37	0.38	-129.6	-134.1	2.1	2.0	-13.6	-13.7
g2-1000	150	0	6	0	4	1	0.60	0.69	-120.1	-123.6	2.2	2.1	-14.1	-14.2
g2-1000	150	0	6	0.1	1	0	0.35	0.37	-129.7	-130.1	2.4	2.0	3.0	3.0
g2-1000	150	0	6	0.1	1	1	0.60	0.61	-116.1	-118.6	2.6	2.2	1.2	1.2
g2-1000	150	0	6	0.1	4	0	0.28	0.31	-134.0	-137.0	2.1	2.1	-13.3	-13.7
g2-1000	150	0	6	0.1	4	1	0.33	0.34	-122.7	-125.1	2.2	2.1	-14.1	-14.4
g2-1000	150	0	6	0.2	1	0	0.28	0.29	-133.9	-135.8	2.3	2.0	2.3	2.3
g2-1000	150	0	6	0.2	1	1	0.82	0.83	-115.6	-117.4	2.6	2.4	1.1	1.1
g2-1000	150	0	6	0.2	4	0	0.25	0.25	-137.4	-139.0	2.2	2.1	-9.4	-9.4
g2-1000	150	0	6	0.2	4	1	0.40	0.43	-122.9	-125.8	2.3	2.2	-11.3	-11.4
g2-1000	150	-1	3	0	1	0	0.72	0.73	-121.3	-125.9	2.6	2.1	1.4	1.4
g2-1000	150	-1	3	0	1	1	0.84	0.85	-107.2	-110.8	2.6	2.2	0.0	-0.0
g2-1000	150	-1	3	0	4	0	0.64	0.65	-116.4	-124.0	2.1	2.1	-13.7	-13.7
g2-1000	150	-1	3	0	4	1	0.66	0.67	-111.6	-115.2	2.2	2.1	-14.0	-14.1
g2-1000	150	-1	3	0.1	1	0	0.51	0.51	-117.1	-121.6	2.4	2.0	3.0	3.0
g2-1000	150	-1	3	0.1	1	1	0.70	0.71	-104.6	-107.3	2.6	2.2	1.6	1.6
g2-1000	150	-1	3	0.1	4	0	0.46	0.47	-124.2	-131.0	2.2	2.1	-13.4	-13.8
g2-1000	150	-1	3	0.1	4	1	0.43	0.45	-112.5	-116.7	2.2	2.1	-14.0	-14.3
g2-1000	150	-1	3	0.2	1	0	0.31	0.31	-121.5	-130.1	2.3	2.0	2.3	2.3
g2-1000	150	-1	3	0.2	1	1	0.83	0.84	-107.5	-112.0	2.5	2.4	1.4	1.3
g2-1000	150	-1	3	0.2	4	0	0.26	0.28	-128.1	-133.5	2.2	2.1	-9.3	-9.4
g2-1000	150	-1	3	0.2	4	1	0.44	0.45	-114.2	-119.1	2.3	2.2	-10.9	-11.1
g2-1000	150	-1	6	0	1	0	0.46	0.48	-129.2	-133.5	2.5	2.1	1.4	1.4
g2-1000	150	-1	6	0	1	1	0.88	0.89	-119.0	-119.2	2.6	2.2	-0.5	-0.6
g2-1000	150	-1	6	0	4	0	0.37	0.38	-129.5	-134.0	2.1	2.0	-13.7	-13.7
g2-1000	150	-1	6	0	4	1	0.59	0.69	-120.0	-123.5	2.2	2.1	-14.1	-14.2
g2-1000	150	-1	6	0.1	1	0	0.35	0.37	-129.7	-130.1	2.4	2.0	3.0	3.0
g2-1000	150	-1	6	0.1	1	1	0.60	0.61	-116.1	-118.6	2.6	2.2	1.2	1.2
g2-1000	150	-1	6	0.1	4	0	0.28	0.31	-134.0	-137.0	2.1	2.1	-13.3	-13.7
g2-1000	150	-1	6	0.1	4	1	0.33	0.34	-122.7	-125.1	2.2	2.1	-14.1	-14.4
g2-1000	150	-1	6	0.2	1	0	0.28	0.29	-133.9	-135.8	2.3	2.0	2.3	2.3
g2-1000	150	-1	6	0.2	1	1	0.82	0.83	-115.6	-117.4	2.6	2.4	1.1	1.1
g2-1000	150	-1	6	0.2	4	0	0.25	0.25	-137.4	-139.0	2.2	2.1	-9.4	-9.4
g2-1000	150	-1	6	0.2	4	1	0.40	0.43	-122.9	-125.8	2.3	2.2	-11.3	-11.4
g2-1000	150	-2	3	0	1	0	0.72	0.73	-121.3	-125.9	2.6	2.1	1.4	1.4
g2-1000	150	-2	3	0	1	1	0.84	0.85	-107.2	-110.8	2.6	2.2	0.0	-0.0
g2-1000	150	-2	3	0	4	0	0.64	0.65	-116.4	-124.0	2.1	2.1	-13.7	-13.7
g2-1000	150	-2	3	0	4	1	0.66	0.67	-111.6	-115.2	2.2	2.1	-14.0	-14.1
g2-1000	150	-2	3	0.1	1	0	0.51	0.51	-117.1	-121.6	2.4	2.0	3.0	3.0
g2-1000	150	-2	3	0.1	1	1	0.70	0.71	-104.6	-107.3	2.6	2.2	1.6	1.6
g2-1000	150	-2	3	0.1	4	0	0.46	0.47	-124.2	-131.0	2.2	2.1	-13.4	-13.8
g2-1000	150	-2	3	0.1	4	1	0.43	0.45	-112.5	-116.7	2.2	2.1	-14.0	-14.3
g2-1000	150	-2	3	0.2	1	0	0.31	0.31	-121.5	-130.1	2.3	2.0	2.3	2.3
g2-1000	150	-2	3	0.2	1	1	0.83	0.84	-107.5	-112.0	2.5	2.4	1.4	1.3
g2-1000	150	-2	3	0.2	4	0	0.26	0.28	-128.1	-133.5	2.2	2.1	-9.3	-9.4
g2-1000	150	-2	3	0.2	4	1	0.44	0.45	-114.2	-119.1	2.3	2.2	-10.9	-11.1
g2-1000	150	-2	6	0	1	0	0.46	0.48	-129.2	-133.5	2.5	2.1	1.4	1.4
g2-1000	150	-2	6	0	1	1	0.88	0.89	-119.0	-119.2	2.6	2.2	-0.5	-0.6
g2-1000	150	-2	6	0	4	0	0.37	0.38	-129.5	-134.0	2.1	2.0	-13.7	-13.7
g2-1000	150	-2	6	0	4	1	0.59	0.69	-120.0	-123.5	2.2	2.1	-14.1	-14.2
g2-1000	150	-2	6	0.1	1	0	0.35	0.37	-129.7	-130.1	2.4	2.0	3.0	3.0
g2-1000	150	-2	6	0.1	1	1	0.60	0.61	-116.1	-118.6	2.6	2.2	1.2	1.2
g2-1000	150	-2	6	0.1	4	0	0.28	0.31	-134.0	-137.0	2.1	2.1	-13.3	-13.7
g2-1000	150	-2	6	0.1	4	1	0.33	0.34	-122.7	-125.1	2.2	2.1	-14.1	-14.4
g2-1000	150	-2	6	0.2	1	0	0.28	0.29	-133.9	-135.8	2.3	2.0	2.3	2.3
g2-1000	150	-2	6	0.2	1	1	0.82	0.83	-115.6	-117.4	2.6	2.4	1.1	1.1
g2-1000	150	-2	6	0.2	4	0	0.25	0.25	-137.4	-139.0	2.2	2.1	-9.4	-9.4
g2-1000	150	-2	6	0.2	4	1	0.40	0.43	-122.9	-125.8	2.3	2.2	-11.3	-11.4
g2-1000	250	0	3	0	1	0	0.42	0.42	-111.0	-109.7	2.5	2.1	1.6	1.5
g2-1000	250	0	3	0	1	1	0.59	0.59	-99.8	-102.1	2.6	2.1	0.9	0.8
g2-1000	250	0	3	0	4	0	0.36	0.37	-107.7	-110.6	2.1	2.1	-13.6	-13.7
g2-1000	250	0	3	0	4	1	0.43	0.43	-106.8	-108.8	2.1	2.1	-13.8	-13.9
g2-1000	250	0	3	0.1	1	0	0.25	0.26	-111.0	-106.9	2.4	2.0	3.2	3.1
g2-1000	250	0	3	0.1	1	1	0.61	0.61	-98.5	-98.4	2.5	2.1	2.6	2.6
g2-1000	250	0	3	0.1	4	0	0.22	0.23	-119.6	-121.4	2.1	2.1	-13.4	-13.8
g2-1000	250	0	3	0.1	4	1	0.37	0.39	-105.9	-107.5	2.2	2.1	-13.8	-14.1
g2-1000	250	0	3	0.2	1	0	0.17	0.17	-116.1	-119.4	2.3	2.0	2.4	2.3
g2-1000	250	0	3	0.2	1	1	0.66	0.66	-100.1	-101.0	2.4	2.2	2.0	1.9
g2-1000	250	0	3	0.2	4	0	0.13	0.16	-126.0	-126.0	2.2	2.1	-9.2	-9.3
g2-1000	250	0	3	0.2	4	1	0.32	0.32	-103.8	-106.0	2.2	2.2	-10.2	-10.3
g2-1000	250	0	6	0	1	0	0.33	0.34	-118.3	-120.0	2.5	2.1	1.5	1.5
g2-1000	250	0	6	0	1	1	0.55	0.56	-112.2	-116.5	2.5	2.1	0.9	0.8
g2-1000	250	0	6	0	4	0	0.26	0.27	-125.0	-123.8	2.1	2.0	-13.6	-13.7
g2-1000	250	0	6	0	4	1	0.38	0.38	-121.5	-123.0	2.1	2.1	-13.8	-13.9
g2-1000	250	0	6	0.1	1	0	0.19	0.20	-124.7	-117.8	2.4	2.0	3.2	3.1
g2-1000	250	0	6	0.1	1	1	0.55	0.55	-112.1	-115.0	2.5	2.1	2.6	2.5
g2-1000	250	0	6	0.1	4	0	0.16	0.16	-129.6	-127.0	2.1	2.1	-13.4	-13.8
g2-1000	250	0	6	0.1	4	1	0.29	0.30	-122.4	-123.6	2.1	2.1	-13.8	-14.1
g2-1000	250	0	6	0.2	1	0	0.12	0.16	-127.2	-125.6	2.3	2.0	2.4	2.3
g2-1000	250	0	6	0.2	1	1	0.69	0.69	-113.9	-114.7	2.4	2.2	2.0	2.0
g2-1000	250	0	6	0.2	4	0	0.11	0.14	-133.1	-131.7	2.2	2.1	-9.2	-9.3
g2-1000	250	0	6	0.2	4	1	0.30	0.31	-120.4	-121.2	2.2	2.2	-10.2	-10.3
g2-1000	250	-1	3	0	1	0	0.43	0.43	-111.0	-109.5	2.5	2.1	1.6	1.5
g2-1000	250	-1	3	0	1	1	0.59	0.59	-99.8	-102.0	2.6	2.1	0.9	0.9
g2-1000	250	-1	3	0	4	0	0.37	0.38	-107.7	-110.9	2.1	2.1	-13.6	-13.7
g2-1000	250	-1	3	0	4	1	0.43	0.43	-106.6	-108.6	2.1	2.1	-13.8	-13.9
g2-1000	250	-1	3	0.1	1	0	0.25	0.26	-111.0	-106.9	2.4	2.0	3.2	3.1
g2-1000	250	-1	3	0.1	1	1	0.61	0.61	-98.5	-98.4	2.5	2.1	2.6	2.6
g2-1000	250	-1	3	0.1	4	0	0.22	0.23	-119.6	-121.4	2.1	2.1	-13.4	-13.8
g2-1000	250	-1	3	0.1	4	1	0.37	0.39	-105.9	-107.5	2.2	2.1	-13.8	-14.1
g2-1000	250	-1	3	0.2	1	0	0.17	0.17	-116.0	-119.4	2.3	2.0	2.4	2.3
g2-1000	250	-1	3	0.2	1	1	0.66	0.66	-100.1	-101.0	2.4	2.2	2.0	1.9
g2-1000	250	-1	3	0.2	4	0	0.14	0.16	-126.0	-126.0	2.2	2.1	-9.2	-9.3
g2-1000	250	-1	3	0.2	4	1	0.32	0.32	-103.8	-106.0	2.2	2.2	-10.2	-10.3
g2-1000	250	-1	6	0	1	0	0.30	0.31	-118.4	-120.2	2.5	2.1	1.6	1.5
g2-1000	250	-1	6	0	1	1	0.55	0.55	-112.2	-116.6	2.5	2.1	0.9	0.9
g2-1000	250	-1	6	0	4	0	0.23	0.24	-124.8	-123.8	2.1	2.0	-13.6	-13.7
g2-1000	250	-1	6	0	4	1	0.37	0.38	-121.5	-123.0	2.1	2.0	-13.8	-13.9
g2-1000	250	-1	6	0.1	1	0	0.19	0.20	-124.7	-117.8	2.4	2.0	3.2	3.1
g2-1000	250	-1	6	0.1	1	1	0.55	0.55	-112.0	-114.9	2.5	2.1	2.6	2.5
g2-1000	250	-1	6	0.1	4	0	0.16	0.16	-129.5	-127.0	2.1	2.1	-13.4	-13.8
g2-1000	250	-1	6	0.1	4	1	0.29	0.30	-122.4	-123.6	2.1	2.1	-13.8	-14.1
g2-1000	250	-1	6	0.2	1	0	0.12	0.13	-127.2	-125.6	2.3	2.0	2.4	2.3
g2-1000	250	-1	6	0.2	1	1	0.69	0.69	-113.9	-114.7	2.4	2.2	2.0	2.0
g2-1000	250	-1	6	0.2	4	0	0.10	0.12	-133.1	-131.7	2.2	2.1	-9.2	-9.3
g2-1000	250	-1	6	0.2	4	1	0.30	0.31	-120.4	-121.2	2.2	2.2	-10.2	-10.3
g2-1000	250	-2	3	0	1	0	0.43	0.43	-111.0	-109.5	2.5	2.1	1.6	1.5
g2-1000	250	-2	3	0	1	1	0.59	0.59	-99.8	-102.0	2.6	2.1	0.9	0.9
g2-1000	250	-2	3	0	4	0	0.37	0.38	-107.7	-110.9	2.1	2.1	-13.6	-13.7
g2-1000	250	-2	3	0	4	1	0.43	0.43	-106.6	-108.6	2.1	2.1	-13.8	-13.9
g2-1000	250	-2	3	0.1	1	0	0.25	0.26	-111.0	-106.9	2.4	2.0	3.2	3.1
g2-1000	250	-2	3	0.1	1	1	0.61	0.61	-98.5	-98.4	2.5	2.1	2.6	2.6
g2-1000	250	-2	3	0.1	4	0	0.22	0.23	-119.6	-121.4	2.1	2.1	-13.4	-13.8
g2-1000	250	-2	3	0.1	4	1	0.37	0.39	-105.9	-107.5	2.2	2.1	-13.8	-14.1
g2-1000	250	-2	3	0.2	1	0	0.17	0.17	-116.0	-119.4	2.3	2.0	2.4	2.3
g2-1000	250	-2	3	0.2	1	1	0.66	0.66	-100.1	-101.0	2.4	2.2	2.0	1.9
g2-1000	250	-2	3	0.2	4	0	0.14	0.16	-126.0	-126.0	2.2	2.1	-9.2	-9.3
g2-1000	250	-2	3	0.2	4	1	0.32	0.32	-103.8	-106.0	2.2	2.2	-10.2	-10.3
g2-1000	250	-2	6	0	1	0	0.30	0.31	-118.4	-120.2	2.5	2.1	1.6	1.5
g2-1000	250	-2	6	0	1	1	0.55	0.55	-112.2	-116.6	2.5	2.1	0.9	0.9
g2-1000	250	-2	6	0	4	0	0.23	0.24	-124.8	-123.8	2.1	2.0	-13.6	-13.7
g2-1000	250	-2	6	0	4	1	0.37	0.38	-121.5	-123.0	2.1	2.0	-13.8	-13.9
g2-1000	250	-2	6	0.1	1	0	0.19	0.20	-124.7	-117.8	2.4	2.0	3.2	3.1
g2-1000	250	-2	6	0.1	1	1	0.55	0.55	-112.0	-114.9	2.5	2.1	2.6	2.5
g2-1000	250	-2	6	0.1	4	0	0.16	0.16	-129.5	-127.0	2.1	2.1	-13.4	-13.8
g2-1000	250	-2	6	0.1	4	1	0.29	0.30	-122.4	-123.6	2.1	2.1	-13.8	-14.1
g2-1000	250	-2	6	0.2	1	0	0.12	0.14	-127.2	-125.6	2.3	2.0	2.4	2.3
g2-1000	250	-2	6	0.2	1	1	0.69	0.69	-113.9	-114.7	2.4	2.2	2.0	2.0
g2-1000	250	-2	6	0.2	4	0	0.11	0.12	-133.1	-131.7	2.2	2.1	-9.2	-9.3
g2-1000	250	-2	6	0.2	4	1	0.30	0.31	-120.4	-121.2	2.2	2.2	-10.2	-10.3
g2-1000	350	0	3	0	1	0	0.35	0.36	-109.9	-126.0	2.6	2.1	1.6	1.5
g2-1000	350	0	3	0	1	1	0.74	0.75	-96.4	-98.1	2.5	2.0	1.6	1.6
g2-1000	350	0	3	0	4	0	0.31	0.31	-115.0	-129.4	2.2	2.1	-13.6	-13.7
g2-1000	350	0	3	0	4	1	0.64	0.64	-103.6	-109.2	2.1	2.1	-13.7	-13.8
g2-1000	350	0	3	0.1	1	0	0.13	0.16	-119.9	-130.0	2.5	2.0	3.2	3.2
g2-1000	350	0	3	0.1	1	1	0.72	0.72	-97.4	-103.3	2.3	1.9	2.7	2.7
g2-1000	350	0	3	0.1	4	0	0.11	0.14	-126.9	-136.2	2.2	2.1	-13.4	-13.8
g2-1000	350	0	3	0.1	4	1	0.57	0.58	-104.6	-106.7	2.2	2.1	-13.5	-13.9
g2-1000	350	0	3	0.2	1	0	0.09	0.14	-128.5	-137.5	2.3	2.1	2.4	2.3
g2-1000	350	0	3	0.2	1	1	0.88	0.89	-93.3	-95.6	2.1	1.9	1.4	1.4
g2-1000	350	0	3	0.2	4	0	0.09	0.14	-134.0	-139.3	2.2	2.2	-9.2	-9.3
g2-1000	350	0	3	0.2	4	1	0.73	0.73	-102.2	-104.7	2.2	2.1	-9.8	-9.9
g2-1000	350	0	6	0	1	0	0.34	0.35	-125.1	-134.5	2.6	2.2	1.7	1.5
g2-1000	350	0	6	0	1	1	1.47	1.48	-96.1	-106.5	2.1	1.7	0.8	0.7
g2-1000	350	0	6	0	4	0	0.29	0.30	-128.8	-137.2	2.2	2.1	-13.6	-13.7
g2-1000	350	0	6	0	4	1	1.16	1.17	-100.7	-104.1	2.1	2.0	-14.1	-14.3
g2-1000	350	0	6	0.1	1	0	0.13	0.13	-126.7	-134.2	2.5	2.0	3.2	3.2
g2-1000	350	0	6	0.1	1	1	1.58	1.61	-95.6	-99.9	1.7	1.4	0.8	0.8
g2-1000	350	0	6	0.1	4	0	0.11	0.11	-133.3	-138.5	2.2	2.1	-13.4	-13.8
g2-1000	350	0	6	0.1	4	1	1.24	1.25	-101.1	-102.7	2.0	2.0	-13.9	-14.4
g2-1000	350	0	6	0.2	1	0	0.07	0.08	-131.2	-137.9	2.3	2.1	2.4	2.3
g2-1000	350	0	6	0.2	1	1	1.69	1.71	-90.0	-91.9	1.3	1.1	-1.8	-1.9
g2-1000	350	0	6	0.2	4	0	0.06	0.07	-135.8	-139.7	2.2	2.2	-9.2	-9.3
g2-1000	350	0	6	0.2	4	1	1.46	1.49	-97.8	-101.1	2.0	2.0	-11.8	-11.9
g2-1000	350	-1	3	0	1	0	0.35	0.35	-110.1	-125.7	2.6	2.1	1.7	1.5
g2-1000	350	-1	3	0	1	1	0.75	0.75	-96.8	-98.2	2.5	2.0	1.7	1.6
g2-1000	350	-1	3	0	4	0	0.30	0.31	-114.9	-129.6	2.2	2.1	-13.6	-13.7
g2-1000	350	-1	3	0	4	1	0.64	0.64	-103.5	-109.2	2.1	2.1	-13.7	-13.8
g2-1000	350	-1	3	0.1	1	0	0.13	0.17	-120.0	-130.0	2.5	2.0	3.2	3.2
g2-1000	350	-1	3	0.1	1	1	0.72	0.72	-97.5	-103.4	2.3	1.9	2.7	2.7
g2-1000	350	-1	3	0.1	4	0	0.12	0.16	-126.9	-136.2	2.2	2.1	-13.4	-13.8
g2-1000	350	-1	3	0.1	4	1	0.57	0.58	-104.6	-106.7	2.2	2.1	-13.5	-13.9
g2-1000	350	-1	3	0.2	1	0	0.12	0.16	-128.5	-137.5	2.3	2.1	2.4	2.3
g2-1000	350	-1	3	0.2	1	1	0.88	0.89	-93.3	-95.6	2.1	1.9	1.4	1.4
g2-1000	350	-1	3	0.2	4	0	0.11	0.15	-134.0	-139.3	2.2	2.2	-9.2	-9.3
g2-1000	350	-1	3	0.2	4	1	0.73	0.73	-102.2	-104.7	2.2	2.1	-9.8	-9.9
g2-1000	350	-1	6	0	1	0	0.32	0.33	-125.0	-134.4	2.6	2.2	1.7	1.6
g2-1000	350	-1	6	0	1	1	1.46	1.48	-96.1	-106.6	2.1	1.7	0.8	0.7
g2-1000	350	-1	6	0	4	0	0.28	0.28	-128.7	-137.3	2.2	2.1	-13.6	-13.7
g2-1000	350	-1	6	0	4	1	1.16	1.17	-100.7	-104.1	2.1	2.0	-14.1	-14.3
g2-1000	350	-1	6	0.1	1	0	0.13	0.13	-126.7	-134.2	2.5	2.0	3.2	3.2
g2-1000	350	-1	6	0.1	1	1	1.58	1.61	-95.6	-99.9	1.7	1.4	0.8	0.8
g2-1000	350	-1	6	0.1	4	0	0.11	0.11	-133.4	-138.5	2.2	2.1	-13.4	-13.8
g2-1000	350	-1	6	0.1	4	1	1.24	1.25	-101.1	-102.7	2.0	2.0	-13.9	-14.4
g2-1000	350	-1	6	0.2	1	0	0.07	0.09	-131.2	-137.9	2.3	2.1	2.4	2.3
g2-1000	350	-1	6	0.2	1	1	1.69	1.71	-90.0	-91.9	1.3	1.1	-1.8	-1.9
g2-1000	350	-1	6	0.2	4	0	0.06	0.08	-135.8	-139.7	2.2	2.2	-9.2	-9.3
g2-1000	350	-1	6	0.2	4	1	1.46	1.49	-97.8	-101.1	2.0	2.0	-11.8	-11.9
g2-1000	350	-2	3	0	1	0	0.35	0.35	-110.1	-125.7	2.6	2.1	1.7	1.5
g2-1000	350	-2	3	0	1	1	0.75	0.81	-96.8	-98.2	2.5	2.0	1.7	1.6
g2-1000	350	-2	3	0	4	0	0.30	0.31	-114.9	-129.6	2.2	2.1	-13.6	-13.7
g2-1000	350	-2	3	0	4	1	0.64	0.71	-103.5	-109.2	2.1	2.1	-13.7	-13.8
g2-1000	350	-2	3	0.1	1	0	0.14	0.17	-120.0	-130.0	2.5	2.0	3.2	3.2
g2-1000	350	-2	3	0.1	1	1	0.72	0.85	-97.5	-103.4	2.3	1.9	2.7	2.7
g2-1000	350	-2	3	0.1	4	0	0.12	0.16	-126.9	-136.2	2.2	2.1	-13.4	-13.8
g2-1000	350	-2	3	0.1	4	1	0.58	0.71	-104.6	-106.7	2.2	2.1	-13.5	-13.9
g2-1000	350	-2	3	0.2	1	0	0.12	0.16	-128.5	-137.5	2.3	2.1	2.4	2.3
g2-1000	350	-2	3	0.2	1	1	0.88	0.89	-93.3	-95.6	2.1	1.9	1.4	1.4
g2-1000	350	-2	3	0.2	4	0	0.12	0.15	-134.0	-139.2	2.2	2.2	-9.2	-9.3
g2-1000	350	-2	3	0.2	4	1	0.73	0.73	-102.2	-104.7	2.2	2.1	-9.8	-9.9
g2-1000	350	-2	6	0	1	0	0.32	0.33	-125.0	-134.4	2.6	2.2	1.7	1.6
g2-1000	350	-2	6	0	1	1	1.47	1.48	-96.1	-106.6	2.1	1.7	0.8	0.7
g2-1000	350	-2	6	0	4	0	0.28	0.28	-128.7	-137.3	2.2	2.1	-13.6	-13.7
g2-1000	350	-2	6	0	4	1	1.16	1.18	-100.7	-104.1	2.1	2.0	-14.1	-14.3
g2-1000	350	-2	6	0.1	1	0	0.13	0.13	-126.7	-134.2	2.5	2.0	3.2	3.2
g2-1000	350	-2	6	0.1	1	1	1.58	1.61	-95.6	-99.9	1.7	1.4	0.8	0.8
g2-1000	350	-2	6	0.1	4	0	0.11	0.11	-133.4	-138.5	2.2	2.1	-13.4	-13.8
g2-1000	350	-2	6	0.1	4	1	1.24	1.25	-101.1	-102.7	2.0	2.0	-13.9	-14.4
g2-1000	350	-2	6	0.2	1	0	0.07	0.10	-131.2	-137.9	2.3	2.1	2.4	2.3
g2-1000	350	-2	6	0.2	1	1	1.69	1.71	-90.0	-91.9	1.3	1.1	-1.8	-1.9
g2-1000	350	-2	6	0.2	4	0	0.06	0.09	-135.8	-139.7	2.2	2.2	-9.2	-9.3
g2-1000	350	-2	6	0.2	4	1	1.46	1.49	-97.8	-101.1	2.0	2.0	-11.8	-11.9
