name,awgn,mpg,mpp,mpd
ack-4f,-6.9375,2.8125,-0.5625,1.3125
polar-k96-f8,-6.625,4.125,-1.125,0.375
polar-k96-f4,-5.625,4.375,0.5625,1.8125
polar-k192-f8,-5.9375,4.625,1.0625,-0.1875
ack-1f,-1.6875,10.5625,6.875,7.375
qpsk-r1/5,-4.5,6.3125,1.0,1.625
qpsk-r1/3,-2.5,8.0,3.875,4.25
qpsk-r1/2,0.8125,10.5625,5.0,6.1875
16qam-r1/3,2.375,13.0625,8.4375,9.9375
qpsk-r3/4,2.875,16.3125,10.875,22.3125
16qam-r1/2,5.4375,18.0625,11.6875,nan
n4-ack-8f,-7.4375,2.875,2.625,nan
n4-qpsk-r1/5,-6.5625,6.8125,4.0625,nan
n10-ack-4f,-7.1875,4.125,2.3125,nan
n4-qpsk-r1/3,-2.4375,7.0625,2.3125,nan
n4-ack-2f,0.875,13.5625,8.3125,nan
n10-qpsk-r1/5,-6.8125,6.0625,2.125,nan
n4-qpsk-r1/2,-1.8125,5.5625,2.75,nan
n4-qpsk-r2/3,-1.4375,7.25,3.0625,nan
n4-16qam-r1/3,-1.625,5.75,2.75,nan
n10-qpsk-r1/3,-4.875,8.375,3.5,nan
n10-qpsk-r1/2,-1.4375,11.625,4.5625,nan
n10-16qam-r1/3,0.0625,14.375,5.1875,nan
n10-qpsk-r3/4,0.375,15.875,nan,nan
n10-16qam-r1/2,1.6875,19.0625,nan,nan
n10-16qam-r2/3,4.125,20.0625,nan,nan
n10-16qam-r3/4,5.125,22.8125,nan,nan
w48-qpsk-r1/5,-1.0625,7.9375,4.6875,4.375
w48-qpsk-r1/3,1.8125,12.6875,6.5,7.125
w48-qpsk-r1/2,2.875,13.5625,10.0625,9.125
w48-qpsk-r2/3,5.0625,16.125,13.1875,11.6875
w48-16qam-r1/3,5.125,14.875,11.5,10.0625
w48-qpsk-r3/4,6.375,18.875,15.0625,14.8125
w48-16qam-r1/2,7.625,20.25,14.5625,13.5
w48-16qam-r2/3,10.75,22.4375,18.4375,18.5625
w48-64l-r1/2,11.75,25.4375,19.6875,23.8125
w48-16qam-r3/4,11.375,25.5625,20.125,20.125
w48-16qam-r5/6,12.5625,25.625,24.1875,24.5625
w48-64l-r7/12,13.0,26.4375,21.8125,nan
w48-64l-r2/3,14.5,27.4375,22.625,nan
w48-64l-r3/4,17.75,32.0625,30.8125,nan
w48-256l-r5/8,19.0,30.3125,29.75,nan
fsk16r25-r1/3,-11.6875,0.9375,-4.0625,-4.6875
fsk16r25-r1/2,-11.625,2.3125,-2.6875,-5.375
fsk8r50-r1/3,-9.5625,6.5,-1.4375,-2.5625
fsk8r50-r1/2,-9.5625,6.0625,0.1875,-3.625
fsk32r62-r1/3,-7.5625,3.5625,0.125,-0.75
fsk32r62-r1/2,-7.375,4.375,0.8125,-0.5
n10-64l-r3/4,9.125,nan,nan,nan
n10-256l-r3/4,13.625,nan,nan,nan
