name,code,constellation,frames,k,n,bits_per_cu,channel,threshold_db,secs,band,headroom,peak_db
polar-gray-qam4-f8-k192@h0,polar,gray-qam4,8,192,1920,0.200,awgn,-7.0,14,w,0.0,2.76
polar-gray-qam4-f8-k192@h0,polar,gray-qam4,8,192,1920,0.200,mpg,4.25,23,w,0.0,2.76
polar-gray-qam4-f8-k192@h0,polar,gray-qam4,8,192,1920,0.200,mpp,-3.0,18,w,0.0,2.76
polar-gray-qam4-f8-k192@h0,polar,gray-qam4,8,192,1920,0.200,mpd,-3.0,23,w,0.0,2.76
polar-gray-qam4-f4-k96@h0,polar,gray-qam4,4,96,960,0.200,awgn,-7.5,23,w,0.0,2.76
polar-gray-qam4-f4-k96@h0,polar,gray-qam4,4,96,960,0.200,mpg,3.25,23,w,0.0,2.76
polar-gray-qam4-f4-k96@h0,polar,gray-qam4,4,96,960,0.200,mpp,-3.5,17,w,0.0,2.76
polar-gray-qam4-f4-k96@h0,polar,gray-qam4,4,96,960,0.200,mpd,-3.75,16,w,0.0,2.76
polar-gray-qam4-f8-k96@h0,polar,gray-qam4,8,96,1920,0.100,awgn,-8.25,14,w,0.0,2.76
polar-gray-qam4-f8-k96@h0,polar,gray-qam4,8,96,1920,0.100,mpg,2.75,22,w,0.0,2.76
polar-gray-qam4-f8-k96@h0,polar,gray-qam4,8,96,1920,0.100,mpp,-4.25,18,w,0.0,2.76
polar-gray-qam4-f8-k96@h0,polar,gray-qam4,8,96,1920,0.100,mpd,-4.5,17,w,0.0,2.76
polar-gray-qam4-f4-k48@h0,polar,gray-qam4,4,48,960,0.100,awgn,-9.75,15,w,0.0,2.76
polar-gray-qam4-f4-k48@h0,polar,gray-qam4,4,48,960,0.100,mpg,0.5,23,w,0.0,2.76
polar-gray-qam4-f4-k48@h0,polar,gray-qam4,4,48,960,0.100,mpp,-5.75,20,w,0.0,2.76
polar-gray-qam4-f4-k48@h0,polar,gray-qam4,4,48,960,0.100,mpd,-6.0,16,w,0.0,2.76
ldpc-gray-qam4-f8-k384@h0,ldpc,gray-qam4,8,384,1920,0.400,awgn,-5.25,10,w,0.0,2.76
ldpc-gray-qam4-f8-k384@h0,ldpc,gray-qam4,8,384,1920,0.400,mpg,6.75,10,w,0.0,2.76
ldpc-gray-qam4-f8-k384@h0,ldpc,gray-qam4,8,384,1920,0.400,mpp,-0.75,11,w,0.0,2.76
ldpc-gray-qam4-f8-k384@h0,ldpc,gray-qam4,8,384,1920,0.400,mpd,-1.0,study,w,0.0,2.76
ldpc-gray-qam4-f8-k640@h0,ldpc,gray-qam4,8,640,1920,0.667,awgn,-3.0,5,w,0.0,2.76
ldpc-gray-qam4-f8-k640@h0,ldpc,gray-qam4,8,640,1920,0.667,mpg,9.5,7,w,0.0,2.76
ldpc-gray-qam4-f8-k640@h0,ldpc,gray-qam4,8,640,1920,0.667,mpp,2.25,7,w,0.0,2.76
ldpc-gray-qam4-f8-k640@h0,ldpc,gray-qam4,8,640,1920,0.667,mpd,2.0,7,w,0.0,2.76
ldpc-gray-qam4-f8-k960@h0,ldpc,gray-qam4,8,960,1920,1.000,awgn,-0.5,study,w,0.0,2.76
ldpc-gray-qam4-f8-k960@h0,ldpc,gray-qam4,8,960,1920,1.000,mpg,12.75,7,w,0.0,2.76
ldpc-gray-qam4-f8-k960@h0,ldpc,gray-qam4,8,960,1920,1.000,mpp,5.5,7,w,0.0,2.76
ldpc-gray-qam4-f8-k960@h0,ldpc,gray-qam4,8,960,1920,1.000,mpd,5.25,study,w,0.0,2.76
ldpc-gray-qam4-f8-k1280@h0,ldpc,gray-qam4,8,1280,1920,1.333,awgn,1.75,7,w,0.0,2.76
ldpc-gray-qam4-f8-k1280@h0,ldpc,gray-qam4,8,1280,1920,1.333,mpg,15.75,7,w,0.0,2.76
ldpc-gray-qam4-f8-k1280@h0,ldpc,gray-qam4,8,1280,1920,1.333,mpp,9.0,7,w,0.0,2.76
ldpc-gray-qam4-f8-k1280@h0,ldpc,gray-qam4,8,1280,1920,1.333,mpd,8.5,7,w,0.0,2.76
ldpc-gray-qam4-f8-k1440@h0,ldpc,gray-qam4,8,1440,1920,1.500,awgn,3.0,7,w,0.0,2.76
ldpc-gray-qam4-f8-k1440@h0,ldpc,gray-qam4,8,1440,1920,1.500,mpg,18.0,7,w,0.0,2.76
ldpc-gray-qam4-f8-k1440@h0,ldpc,gray-qam4,8,1440,1920,1.500,mpp,11.25,7,w,0.0,2.76
ldpc-gray-qam4-f8-k1440@h0,ldpc,gray-qam4,8,1440,1920,1.500,mpd,10.5,8,w,0.0,2.76
ldpc-gray-qam16-f4-k640@h0,ldpc,gray-qam16,4,640,1920,1.333,awgn,2.25,10,w,0.0,2.76
ldpc-gray-qam16-f4-k640@h0,ldpc,gray-qam16,4,640,1920,1.333,mpg,14.5,10,w,0.0,2.76
ldpc-gray-qam16-f4-k640@h0,ldpc,gray-qam16,4,640,1920,1.333,mpp,7.75,10,w,0.0,2.76
ldpc-gray-qam16-f4-k640@h0,ldpc,gray-qam16,4,640,1920,1.333,mpd,7.25,11,w,0.0,2.76
ldpc-gray-qam16-f4-k960@h0,ldpc,gray-qam16,4,960,1920,2.000,awgn,6.0,9,w,0.0,2.76
ldpc-gray-qam16-f4-k960@h0,ldpc,gray-qam16,4,960,1920,2.000,mpg,18.75,10,w,0.0,2.76
ldpc-gray-qam16-f4-k960@h0,ldpc,gray-qam16,4,960,1920,2.000,mpp,12.25,10,w,0.0,2.76
ldpc-gray-qam16-f4-k960@h0,ldpc,gray-qam16,4,960,1920,2.000,mpd,12.0,10,w,0.0,2.76
ldpc-gray-qam16-f4-k1280@h2,ldpc,gray-qam16,4,1280,1920,2.667,awgn,8.25,15,w,2.0,3.64
ldpc-gray-qam16-f4-k1280@h2,ldpc,gray-qam16,4,1280,1920,2.667,mpg,21.5,17,w,2.0,3.64
ldpc-gray-qam16-f4-k1280@h2,ldpc,gray-qam16,4,1280,1920,2.667,mpp,15.5,11,w,2.0,3.64
ldpc-gray-qam16-f4-k1280@h2,ldpc,gray-qam16,4,1280,1920,2.667,mpd,15.5,16,w,2.0,3.64
ldpc-gray-qam16-f4-k1440@h3,ldpc,gray-qam16,4,1440,1920,3.000,awgn,9.25,18,w,3.0,4.28
ldpc-gray-qam16-f4-k1440@h3,ldpc,gray-qam16,4,1440,1920,3.000,mpg,23.5,16,w,3.0,4.28
ldpc-gray-qam16-f4-k1440@h3,ldpc,gray-qam16,4,1440,1920,3.000,mpp,17.25,18,w,3.0,4.28
ldpc-gray-qam16-f4-k1440@h3,ldpc,gray-qam16,4,1440,1920,3.000,mpd,17.75,21,w,3.0,4.28
ldpc-gray-qam16-f8-k1280@h0,ldpc,gray-qam16,8,1280,3840,1.333,awgn,2.0,study,w,0.0,2.76
ldpc-gray-qam16-f8-k1280@h0,ldpc,gray-qam16,8,1280,3840,1.333,mpg,14.75,11,w,0.0,2.76
ldpc-gray-qam16-f8-k1280@h0,ldpc,gray-qam16,8,1280,3840,1.333,mpp,7.25,12,w,0.0,2.76
ldpc-gray-qam16-f8-k1280@h0,ldpc,gray-qam16,8,1280,3840,1.333,mpd,7.0,study,w,0.0,2.76
ldpc-gray-qam16-f8-k1920@h0,ldpc,gray-qam16,8,1920,3840,2.000,awgn,5.5,study,w,0.0,2.76
ldpc-gray-qam16-f8-k1920@h0,ldpc,gray-qam16,8,1920,3840,2.000,mpg,18.75,12,w,0.0,2.76
ldpc-gray-qam16-f8-k1920@h0,ldpc,gray-qam16,8,1920,3840,2.000,mpp,12.0,11,w,0.0,2.76
ldpc-gray-qam16-f8-k1920@h0,ldpc,gray-qam16,8,1920,3840,2.000,mpd,11.75,study,w,0.0,2.76
ldpc-gray-qam16-f8-k2560@h2,ldpc,gray-qam16,8,2560,3840,2.667,awgn,8.0,study,w,2.0,3.64
ldpc-gray-qam16-f8-k2560@h2,ldpc,gray-qam16,8,2560,3840,2.667,mpg,22.0,20,w,2.0,3.64
ldpc-gray-qam16-f8-k2560@h2,ldpc,gray-qam16,8,2560,3840,2.667,mpp,15.25,21,w,2.0,3.64
ldpc-gray-qam16-f8-k2560@h2,ldpc,gray-qam16,8,2560,3840,2.667,mpd,15.25,study,w,2.0,3.64
ldpc-gray-qam16-f8-k2880@h3,ldpc,gray-qam16,8,2880,3840,3.000,awgn,9.0,study,w,3.0,4.28
ldpc-gray-qam16-f8-k2880@h3,ldpc,gray-qam16,8,2880,3840,3.000,mpg,23.5,19,w,3.0,4.28
ldpc-gray-qam16-f8-k2880@h3,ldpc,gray-qam16,8,2880,3840,3.000,mpp,17.0,19,w,3.0,4.28
ldpc-gray-qam16-f8-k2880@h3,ldpc,gray-qam16,8,2880,3840,3.000,mpd,17.25,study,w,3.0,4.28
ldpc-c64-snr18-f4-k1440@h5,ldpc,c64-snr18,4,1440,2880,3.000,awgn,7.75,26,w,5.0,5.74
ldpc-c64-snr18-f4-k1440@h5,ldpc,c64-snr18,4,1440,2880,3.000,mpg,20.5,25,w,5.0,5.74
ldpc-c64-snr18-f4-k1440@h5,ldpc,c64-snr18,4,1440,2880,3.000,mpp,14.5,24,w,5.0,5.74
ldpc-c64-snr18-f4-k1440@h5,ldpc,c64-snr18,4,1440,2880,3.000,mpd,14.5,29,w,5.0,5.74
ldpc-c64-snr18-f4-k1680@h5,ldpc,c64-snr18,4,1680,2880,3.500,awgn,9.5,27,w,5.0,5.74
ldpc-c64-snr18-f4-k1680@h5,ldpc,c64-snr18,4,1680,2880,3.500,mpg,22.75,36,w,5.0,5.74
ldpc-c64-snr18-f4-k1680@h5,ldpc,c64-snr18,4,1680,2880,3.500,mpp,16.75,34,w,5.0,5.74
ldpc-c64-snr18-f4-k1680@h5,ldpc,c64-snr18,4,1680,2880,3.500,mpd,17.25,31,w,5.0,5.74
ldpc-c64-snr18-f4-k1920@h5,ldpc,c64-snr18,4,1920,2880,4.000,awgn,11.5,study,w,5.0,5.74
ldpc-c64-snr18-f4-k1920@h5,ldpc,c64-snr18,4,1920,2880,4.000,mpg,25.25,38,w,5.0,5.74
ldpc-c64-snr18-f4-k1920@h5,ldpc,c64-snr18,4,1920,2880,4.000,mpp,19.75,32,w,5.0,5.74
ldpc-c64-snr18-f4-k1920@h5,ldpc,c64-snr18,4,1920,2880,4.000,mpd,21.25,study,w,5.0,5.74
ldpc-c256-snr26-f3-k1260@h6,ldpc,c256-snr26,3,1260,2880,3.500,awgn,9.5,52,w,6.0,6.57
ldpc-c256-snr26-f3-k1260@h6,ldpc,c256-snr26,3,1260,2880,3.500,mpg,23.0,20,w,6.0,6.57
ldpc-c256-snr26-f3-k1260@h6,ldpc,c256-snr26,3,1260,2880,3.500,mpp,16.25,60,w,6.0,6.57
ldpc-c256-snr26-f3-k1260@h6,ldpc,c256-snr26,3,1260,2880,3.500,mpd,17.0,38,w,6.0,6.57
ldpc-c256-snr26-f3-k1440@h6,ldpc,c256-snr26,3,1440,2880,4.000,awgn,11.25,study,w,6.0,6.57
ldpc-c256-snr26-f3-k1440@h6,ldpc,c256-snr26,3,1440,2880,4.000,mpg,25.0,65,w,6.0,6.57
ldpc-c256-snr26-f3-k1440@h6,ldpc,c256-snr26,3,1440,2880,4.000,mpp,18.75,39,w,6.0,6.57
ldpc-c256-snr26-f3-k1440@h6,ldpc,c256-snr26,3,1440,2880,4.000,mpd,20.5,study,w,6.0,6.57
n4-polar-gray-qam4-f2-k48@h0,polar,gray-qam4,2,48,80,1.200,awgn,-6.75,7,n4,0.0,2.84
n4-polar-gray-qam4-f2-k48@h0,polar,gray-qam4,2,48,80,1.200,mpg,11.0,12,n4,0.0,2.84
n4-polar-gray-qam4-f2-k48@h0,polar,gray-qam4,2,48,80,1.200,mpp,0.25,7,n4,0.0,2.84
n4-polar-gray-qam4-f2-k48@h0,polar,gray-qam4,2,48,80,1.200,mpd,-0.25,7,n4,0.0,2.84
n4-polar-gray-qam4-f4-k48@h0,polar,gray-qam4,4,48,160,0.600,awgn,-10.5,7,n4,0.0,2.84
n4-polar-gray-qam4-f4-k48@h0,polar,gray-qam4,4,48,160,0.600,mpg,8.5,7,n4,0.0,2.84
n4-polar-gray-qam4-f4-k48@h0,polar,gray-qam4,4,48,160,0.600,mpp,-4.25,7,n4,0.0,2.84
n4-polar-gray-qam4-f4-k48@h0,polar,gray-qam4,4,48,160,0.600,mpd,-5.5,7,n4,0.0,2.84
n4-polar-gray-qam4-f8-k48@h0,polar,gray-qam4,8,48,320,0.300,awgn,-13.25,7,n4,0.0,2.84
n4-polar-gray-qam4-f8-k48@h0,polar,gray-qam4,8,48,320,0.300,mpg,3.0,6,n4,0.0,2.84
n4-polar-gray-qam4-f8-k48@h0,polar,gray-qam4,8,48,320,0.300,mpp,-7.75,7,n4,0.0,2.84
n4-polar-gray-qam4-f8-k48@h0,polar,gray-qam4,8,48,320,0.300,mpd,-9.25,7,n4,0.0,2.84
n4-ldpc-gray-qam4-f24-k192@h0,ldpc,gray-qam4,24,192,960,0.400,awgn,-12.25,10,n4,0.0,2.84
n4-ldpc-gray-qam4-f24-k192@h0,ldpc,gray-qam4,24,192,960,0.400,mpg,4.25,14,n4,0.0,2.84
n4-ldpc-gray-qam4-f24-k192@h0,ldpc,gray-qam4,24,192,960,0.400,mpp,-6.75,7,n4,0.0,2.84
n4-ldpc-gray-qam4-f24-k192@h0,ldpc,gray-qam4,24,192,960,0.400,mpd,-8.75,7,n4,0.0,2.84
n4-ldpc-gray-qam4-f24-k320@h0,ldpc,gray-qam4,24,320,960,0.667,awgn,-10.25,5,n4,0.0,2.84
n4-ldpc-gray-qam4-f24-k320@h0,ldpc,gray-qam4,24,320,960,0.667,mpg,7.25,9,n4,0.0,2.84
n4-ldpc-gray-qam4-f24-k320@h0,ldpc,gray-qam4,24,320,960,0.667,mpp,-4.5,5,n4,0.0,2.84
n4-ldpc-gray-qam4-f24-k320@h0,ldpc,gray-qam4,24,320,960,0.667,mpd,-6.25,5,n4,0.0,2.84
n4-ldpc-gray-qam4-f24-k480@h0,ldpc,gray-qam4,24,480,960,1.000,awgn,-8.25,5,n4,0.0,2.84
n4-ldpc-gray-qam4-f24-k480@h0,ldpc,gray-qam4,24,480,960,1.000,mpg,10.5,9,n4,0.0,2.84
n4-ldpc-gray-qam4-f24-k480@h0,ldpc,gray-qam4,24,480,960,1.000,mpp,-2.0,6,n4,0.0,2.84
n4-ldpc-gray-qam4-f24-k480@h0,ldpc,gray-qam4,24,480,960,1.000,mpd,-3.25,5,n4,0.0,2.84
n4-ldpc-gray-qam4-f24-k640@h0,ldpc,gray-qam4,24,640,960,1.333,awgn,-6.5,5,n4,0.0,2.84
n4-ldpc-gray-qam4-f24-k640@h0,ldpc,gray-qam4,24,640,960,1.333,mpg,13.0,13,n4,0.0,2.84
n4-ldpc-gray-qam4-f24-k640@h0,ldpc,gray-qam4,24,640,960,1.333,mpp,1.25,9,n4,0.0,2.84
n4-ldpc-gray-qam4-f24-k640@h0,ldpc,gray-qam4,24,640,960,1.333,mpd,0.0,6,n4,0.0,2.84
n4-ldpc-gray-qam4-f24-k720@h0,ldpc,gray-qam4,24,720,960,1.500,awgn,-5.25,5,n4,0.0,2.84
n4-ldpc-gray-qam4-f24-k720@h0,ldpc,gray-qam4,24,720,960,1.500,mpg,15.75,6,n4,0.0,2.84
n4-ldpc-gray-qam4-f24-k720@h0,ldpc,gray-qam4,24,720,960,1.500,mpp,3.75,6,n4,0.0,2.84
n4-ldpc-gray-qam4-f24-k720@h0,ldpc,gray-qam4,24,720,960,1.500,mpd,2.75,6,n4,0.0,2.84
n4-ldpc-gray-qam16-f24-k640@h0,ldpc,gray-qam16,24,640,1920,1.333,awgn,-6.0,7,n4,0.0,2.84
n4-ldpc-gray-qam16-f24-k640@h0,ldpc,gray-qam16,24,640,1920,1.333,mpg,11.75,15,n4,0.0,2.84
n4-ldpc-gray-qam16-f24-k640@h0,ldpc,gray-qam16,24,640,1920,1.333,mpp,-0.5,6,n4,0.0,2.84
n4-ldpc-gray-qam16-f24-k640@h0,ldpc,gray-qam16,24,640,1920,1.333,mpd,-1.75,10,n4,0.0,2.84
n4-ldpc-gray-qam16-f24-k960@h0,ldpc,gray-qam16,24,960,1920,2.000,awgn,-2.75,7,n4,0.0,2.84
n4-ldpc-gray-qam16-f24-k960@h0,ldpc,gray-qam16,24,960,1920,2.000,mpg,17.25,6,n4,0.0,2.84
n4-ldpc-gray-qam16-f24-k960@h0,ldpc,gray-qam16,24,960,1920,2.000,mpp,3.75,6,n4,0.0,2.84
n4-ldpc-gray-qam16-f24-k960@h0,ldpc,gray-qam16,24,960,1920,2.000,mpd,3.5,6,n4,0.0,2.84
n4-ldpc-gray-qam16-f24-k1280@h0,ldpc,gray-qam16,24,1280,1920,2.667,awgn,0.75,7,n4,0.0,2.84
n4-ldpc-gray-qam16-f24-k1280@h0,ldpc,gray-qam16,24,1280,1920,2.667,mpg,21.5,6,n4,0.0,2.84
n4-ldpc-gray-qam16-f24-k1280@h0,ldpc,gray-qam16,24,1280,1920,2.667,mpp,9.0,6,n4,0.0,2.84
n4-ldpc-gray-qam16-f24-k1280@h0,ldpc,gray-qam16,24,1280,1920,2.667,mpd,10.0,11,n4,0.0,2.84
n4-ldpc-gray-qam16-f24-k1440@h0,ldpc,gray-qam16,24,1440,1920,3.000,awgn,3.25,10,n4,0.0,2.84
n4-ldpc-gray-qam16-f24-k1440@h0,ldpc,gray-qam16,24,1440,1920,3.000,mpg,24.25,7,n4,0.0,2.84
n4-ldpc-gray-qam16-f24-k1440@h0,ldpc,gray-qam16,24,1440,1920,3.000,mpp,12.75,7,n4,0.0,2.84
n4-ldpc-gray-qam16-f24-k1440@h0,ldpc,gray-qam16,24,1440,1920,3.000,mpd,inf,11,n4,0.0,2.84
n10-polar-gray-qam4-f2-k48@h0,polar,gray-qam4,2,48,200,0.480,awgn,-7.75,7,n10,0.0,2.87
n10-polar-gray-qam4-f2-k48@h0,polar,gray-qam4,2,48,200,0.480,mpg,5.5,10,n10,0.0,2.87
n10-polar-gray-qam4-f2-k48@h0,polar,gray-qam4,2,48,200,0.480,mpp,-3.75,10,n10,0.0,2.87
n10-polar-gray-qam4-f2-k48@h0,polar,gray-qam4,2,48,200,0.480,mpd,-4.0,10,n10,0.0,2.87
n10-polar-gray-qam4-f4-k48@h0,polar,gray-qam4,4,48,400,0.240,awgn,-10.25,study,n10,0.0,2.87
n10-polar-gray-qam4-f4-k48@h0,polar,gray-qam4,4,48,400,0.240,mpg,2.75,9,n10,0.0,2.87
n10-polar-gray-qam4-f4-k48@h0,polar,gray-qam4,4,48,400,0.240,mpp,-6.0,9,n10,0.0,2.87
n10-polar-gray-qam4-f4-k48@h0,polar,gray-qam4,4,48,400,0.240,mpd,-6.25,study,n10,0.0,2.87
n10-polar-gray-qam4-f8-k48@h0,polar,gray-qam4,8,48,800,0.120,awgn,-12.5,8,n10,0.0,2.87
n10-polar-gray-qam4-f8-k48@h0,polar,gray-qam4,8,48,800,0.120,mpg,0.0,8,n10,0.0,2.87
n10-polar-gray-qam4-f8-k48@h0,polar,gray-qam4,8,48,800,0.120,mpp,-8.25,8,n10,0.0,2.87
n10-polar-gray-qam4-f8-k48@h0,polar,gray-qam4,8,48,800,0.120,mpd,-8.0,8,n10,0.0,2.87
n10-ldpc-gray-qam4-f10-k200@h0,ldpc,gray-qam4,10,200,1000,0.400,awgn,-8.75,study,n10,0.0,2.87
n10-ldpc-gray-qam4-f10-k200@h0,ldpc,gray-qam4,10,200,1000,0.400,mpg,4.75,4,n10,0.0,2.87
n10-ldpc-gray-qam4-f10-k200@h0,ldpc,gray-qam4,10,200,1000,0.400,mpp,-2.5,3,n10,0.0,2.87
n10-ldpc-gray-qam4-f10-k200@h0,ldpc,gray-qam4,10,200,1000,0.400,mpd,-3.5,study,n10,0.0,2.87
n10-ldpc-gray-qam4-f10-k336@h0,ldpc,gray-qam4,10,336,1000,0.672,awgn,-6.25,study,n10,0.0,2.87
n10-ldpc-gray-qam4-f10-k336@h0,ldpc,gray-qam4,10,336,1000,0.672,mpg,7.5,4,n10,0.0,2.87
n10-ldpc-gray-qam4-f10-k336@h0,ldpc,gray-qam4,10,336,1000,0.672,mpp,0.0,3,n10,0.0,2.87
n10-ldpc-gray-qam4-f10-k336@h0,ldpc,gray-qam4,10,336,1000,0.672,mpd,-0.75,study,n10,0.0,2.87
n10-ldpc-gray-qam4-f10-k496@h0,ldpc,gray-qam4,10,496,1000,0.992,awgn,-4.25,study,n10,0.0,2.87
n10-ldpc-gray-qam4-f10-k496@h0,ldpc,gray-qam4,10,496,1000,0.992,mpg,10.75,4,n10,0.0,2.87
n10-ldpc-gray-qam4-f10-k496@h0,ldpc,gray-qam4,10,496,1000,0.992,mpp,3.0,3,n10,0.0,2.87
n10-ldpc-gray-qam4-f10-k496@h0,ldpc,gray-qam4,10,496,1000,0.992,mpd,2.25,study,n10,0.0,2.87
n10-ldpc-gray-qam4-f10-k664@h0,ldpc,gray-qam4,10,664,1000,1.328,awgn,-2.0,3,n10,0.0,2.87
n10-ldpc-gray-qam4-f10-k664@h0,ldpc,gray-qam4,10,664,1000,1.328,mpg,13.75,3,n10,0.0,2.87
n10-ldpc-gray-qam4-f10-k664@h0,ldpc,gray-qam4,10,664,1000,1.328,mpp,6.5,3,n10,0.0,2.87
n10-ldpc-gray-qam4-f10-k664@h0,ldpc,gray-qam4,10,664,1000,1.328,mpd,5.5,3,n10,0.0,2.87
n10-ldpc-gray-qam4-f10-k752@h0,ldpc,gray-qam4,10,752,1000,1.504,awgn,-0.75,3,n10,0.0,2.87
n10-ldpc-gray-qam4-f10-k752@h0,ldpc,gray-qam4,10,752,1000,1.504,mpg,16.5,3,n10,0.0,2.87
n10-ldpc-gray-qam4-f10-k752@h0,ldpc,gray-qam4,10,752,1000,1.504,mpp,9.5,3,n10,0.0,2.87
n10-ldpc-gray-qam4-f10-k752@h0,ldpc,gray-qam4,10,752,1000,1.504,mpd,8.25,3,n10,0.0,2.87
n10-ldpc-gray-qam16-f10-k664@h0,ldpc,gray-qam16,10,664,2000,1.328,awgn,-1.75,4,n10,0.0,2.87
n10-ldpc-gray-qam16-f10-k664@h0,ldpc,gray-qam16,10,664,2000,1.328,mpg,13.0,4,n10,0.0,2.87
n10-ldpc-gray-qam16-f10-k664@h0,ldpc,gray-qam16,10,664,2000,1.328,mpp,5.0,4,n10,0.0,2.87
n10-ldpc-gray-qam16-f10-k664@h0,ldpc,gray-qam16,10,664,2000,1.328,mpd,4.25,4,n10,0.0,2.87
n10-ldpc-gray-qam16-f10-k1000@h0,ldpc,gray-qam16,10,1000,2000,2.000,awgn,2.0,5,n10,0.0,2.87
n10-ldpc-gray-qam16-f10-k1000@h0,ldpc,gray-qam16,10,1000,2000,2.000,mpg,17.25,4,n10,0.0,2.87
n10-ldpc-gray-qam16-f10-k1000@h0,ldpc,gray-qam16,10,1000,2000,2.000,mpp,11.75,7,n10,0.0,2.87
n10-ldpc-gray-qam16-f10-k1000@h0,ldpc,gray-qam16,10,1000,2000,2.000,mpd,9.0,4,n10,0.0,2.87
n10-ldpc-gray-qam16-f10-k1336@h2,ldpc,gray-qam16,10,1336,2000,2.672,awgn,4.5,7,n10,2.0,3.61
n10-ldpc-gray-qam16-f10-k1336@h2,ldpc,gray-qam16,10,1336,2000,2.672,mpg,20.25,4,n10,2.0,3.61
n10-ldpc-gray-qam16-f10-k1336@h2,ldpc,gray-qam16,10,1336,2000,2.672,mpp,inf,6,n10,2.0,3.61
n10-ldpc-gray-qam16-f10-k1336@h2,ldpc,gray-qam16,10,1336,2000,2.672,mpd,13.0,7,n10,2.0,3.61
n10-ldpc-gray-qam16-f10-k1504@h3,ldpc,gray-qam16,10,1504,2000,3.008,awgn,5.5,8,n10,3.0,4.23
n10-ldpc-gray-qam16-f10-k1504@h3,ldpc,gray-qam16,10,1504,2000,3.008,mpg,22.5,4,n10,3.0,4.23
n10-ldpc-gray-qam16-f10-k1504@h3,ldpc,gray-qam16,10,1504,2000,3.008,mpp,inf,5,n10,3.0,4.23
n10-ldpc-gray-qam16-f10-k1504@h3,ldpc,gray-qam16,10,1504,2000,3.008,mpd,16.0,14,n10,3.0,4.23
w48-ldpc-gray-qam4-f4-k384@h0,ldpc,gray-qam4,4,384,1920,0.400,awgn,-2.25,study,w48,0.0,3.96
w48-ldpc-gray-qam4-f4-k384@h0,ldpc,gray-qam4,4,384,1920,0.400,mpg,8.5,10,w48,0.0,3.96
w48-ldpc-gray-qam4-f4-k384@h0,ldpc,gray-qam4,4,384,1920,0.400,mpp,2.25,10,w48,0.0,3.96
w48-ldpc-gray-qam4-f4-k384@h0,ldpc,gray-qam4,4,384,1920,0.400,mpd,1.75,study,w48,0.0,3.96
w48-ldpc-gray-qam4-f4-k640@h0,ldpc,gray-qam4,4,640,1920,0.667,awgn,0.25,10,w48,0.0,3.96
w48-ldpc-gray-qam4-f4-k640@h0,ldpc,gray-qam4,4,640,1920,0.667,mpg,11.25,10,w48,0.0,3.96
w48-ldpc-gray-qam4-f4-k640@h0,ldpc,gray-qam4,4,640,1920,0.667,mpp,5.25,11,w48,0.0,3.96
w48-ldpc-gray-qam4-f4-k640@h0,ldpc,gray-qam4,4,640,1920,0.667,mpd,4.75,12,w48,0.0,3.96
w48-ldpc-gray-qam4-f4-k960@h0,ldpc,gray-qam4,4,960,1920,1.000,awgn,2.75,study,w48,0.0,3.96
w48-ldpc-gray-qam4-f4-k960@h0,ldpc,gray-qam4,4,960,1920,1.000,mpg,14.75,10,w48,0.0,3.96
w48-ldpc-gray-qam4-f4-k960@h0,ldpc,gray-qam4,4,960,1920,1.000,mpp,8.5,10,w48,0.0,3.96
w48-ldpc-gray-qam4-f4-k960@h0,ldpc,gray-qam4,4,960,1920,1.000,mpd,8.0,study,w48,0.0,3.96
w48-ldpc-gray-qam4-f4-k1280@h0,ldpc,gray-qam4,4,1280,1920,1.333,awgn,5.0,10,w48,0.0,3.96
w48-ldpc-gray-qam4-f4-k1280@h0,ldpc,gray-qam4,4,1280,1920,1.333,mpg,18.25,9,w48,0.0,3.96
w48-ldpc-gray-qam4-f4-k1280@h0,ldpc,gray-qam4,4,1280,1920,1.333,mpp,11.75,11,w48,0.0,3.96
w48-ldpc-gray-qam4-f4-k1280@h0,ldpc,gray-qam4,4,1280,1920,1.333,mpd,11.5,11,w48,0.0,3.96
w48-ldpc-gray-qam4-f4-k1440@h0,ldpc,gray-qam4,4,1440,1920,1.500,awgn,6.25,10,w48,0.0,3.96
w48-ldpc-gray-qam4-f4-k1440@h0,ldpc,gray-qam4,4,1440,1920,1.500,mpg,20.5,9,w48,0.0,3.96
w48-ldpc-gray-qam4-f4-k1440@h0,ldpc,gray-qam4,4,1440,1920,1.500,mpp,14.0,11,w48,0.0,3.96
w48-ldpc-gray-qam4-f4-k1440@h0,ldpc,gray-qam4,4,1440,1920,1.500,mpd,13.75,11,w48,0.0,3.96
w48-ldpc-gray-qam16-f4-k1280@h1,ldpc,gray-qam16,4,1280,3840,1.333,awgn,5.0,15,w48,1.0,4.26
w48-ldpc-gray-qam16-f4-k1280@h1,ldpc,gray-qam16,4,1280,3840,1.333,mpg,16.5,17,w48,1.0,4.26
w48-ldpc-gray-qam16-f4-k1280@h1,ldpc,gray-qam16,4,1280,3840,1.333,mpp,10.25,19,w48,1.0,4.26
w48-ldpc-gray-qam16-f4-k1280@h1,ldpc,gray-qam16,4,1280,3840,1.333,mpd,9.75,20,w48,1.0,4.26
w48-ldpc-gray-qam16-f4-k1920@h1,ldpc,gray-qam16,4,1920,3840,2.000,awgn,8.5,study,w48,1.0,4.26
w48-ldpc-gray-qam16-f4-k1920@h1,ldpc,gray-qam16,4,1920,3840,2.000,mpg,21.0,18,w48,1.0,4.26
w48-ldpc-gray-qam16-f4-k1920@h1,ldpc,gray-qam16,4,1920,3840,2.000,mpp,14.75,19,w48,1.0,4.26
w48-ldpc-gray-qam16-f4-k1920@h1,ldpc,gray-qam16,4,1920,3840,2.000,mpd,14.25,study,w48,1.0,4.26
w48-ldpc-gray-qam16-f4-k2560@h3,ldpc,gray-qam16,4,2560,3840,2.667,awgn,10.5,study,w48,3.0,5.42
w48-ldpc-gray-qam16-f4-k2560@h3,ldpc,gray-qam16,4,2560,3840,2.667,mpg,23.5,33,w48,3.0,5.42
w48-ldpc-gray-qam16-f4-k2560@h3,ldpc,gray-qam16,4,2560,3840,2.667,mpp,17.5,35,w48,3.0,5.42
w48-ldpc-gray-qam16-f4-k2560@h3,ldpc,gray-qam16,4,2560,3840,2.667,mpd,17.5,study,w48,3.0,5.42
w48-ldpc-gray-qam16-f4-k2880@h4,ldpc,gray-qam16,4,2880,3840,3.000,awgn,11.5,study,w48,4.0,6.05
w48-ldpc-gray-qam16-f4-k2880@h4,ldpc,gray-qam16,4,2880,3840,3.000,mpg,25.25,27,w48,4.0,6.05
w48-ldpc-gray-qam16-f4-k2880@h4,ldpc,gray-qam16,4,2880,3840,3.000,mpp,19.25,29,w48,4.0,6.05
w48-ldpc-gray-qam16-f4-k2880@h4,ldpc,gray-qam16,4,2880,3840,3.000,mpd,19.5,study,w48,4.0,6.05
w48-ldpc-c64-snr18-f2-k1440@h4,ldpc,c64-snr18,2,1440,2880,3.000,awgn,11.5,study,w48,4.0,6.05
w48-ldpc-c64-snr18-f2-k1440@h4,ldpc,c64-snr18,2,1440,2880,3.000,mpg,23.5,38,w48,4.0,6.05
w48-ldpc-c64-snr18-f2-k1440@h4,ldpc,c64-snr18,2,1440,2880,3.000,mpp,18.0,41,w48,4.0,6.05
w48-ldpc-c64-snr18-f2-k1440@h4,ldpc,c64-snr18,2,1440,2880,3.000,mpd,18.0,study,w48,4.0,6.05
w48-ldpc-c64-snr18-f2-k1680@h5,ldpc,c64-snr18,2,1680,2880,3.500,awgn,12.75,study,w48,5.0,6.7
w48-ldpc-c64-snr18-f2-k1680@h5,ldpc,c64-snr18,2,1680,2880,3.500,mpg,25.25,71,w48,5.0,6.7
w48-ldpc-c64-snr18-f2-k1680@h5,ldpc,c64-snr18,2,1680,2880,3.500,mpp,19.75,30,w48,5.0,6.7
w48-ldpc-c64-snr18-f2-k1680@h5,ldpc,c64-snr18,2,1680,2880,3.500,mpd,20.25,study,w48,5.0,6.7
w48-ldpc-gray-qam16-f4-k3200@h5,ldpc,gray-qam16,4,3200,3840,3.333,awgn,12.25,study,w48,5.0,6.7
w48-ldpc-gray-qam16-f4-k3200@h5,ldpc,gray-qam16,4,3200,3840,3.333,mpg,28.0,36,w48,5.0,6.7
w48-ldpc-gray-qam16-f4-k3200@h5,ldpc,gray-qam16,4,3200,3840,3.333,mpp,21.5,28,w48,5.0,6.7
w48-ldpc-gray-qam16-f4-k3200@h5,ldpc,gray-qam16,4,3200,3840,3.333,mpd,23.0,study,w48,5.0,6.7
w48-ldpc-c64-snr18-f2-k1920@h6,ldpc,c64-snr18,2,1920,2880,4.000,awgn,14.25,study,w48,6.0,7.34
w48-ldpc-c64-snr18-f2-k1920@h6,ldpc,c64-snr18,2,1920,2880,4.000,mpg,27.25,68,w48,6.0,7.34
w48-ldpc-c64-snr18-f2-k1920@h6,ldpc,c64-snr18,2,1920,2880,4.000,mpp,21.75,52,w48,6.0,7.34
w48-ldpc-c64-snr18-f2-k1920@h6,ldpc,c64-snr18,2,1920,2880,4.000,mpd,23.75,study,w48,6.0,7.34
w48-ldpc-c64-snr18-f2-k2160@h5,ldpc,c64-snr18,2,2160,2880,4.500,awgn,17.25,study,w48,5.0,6.7
w48-ldpc-c64-snr18-f2-k2160@h5,ldpc,c64-snr18,2,2160,2880,4.500,mpg,31.5,59,w48,5.0,6.7
w48-ldpc-c64-snr18-f2-k2160@h5,ldpc,c64-snr18,2,2160,2880,4.500,mpp,26.5,41,w48,5.0,6.7
w48-ldpc-c64-snr18-f2-k2160@h5,ldpc,c64-snr18,2,2160,2880,4.500,mpd,inf,study,w48,5.0,6.7
w48-ldpc-c256-snr26-f2-k1920@h6,ldpc,c256-snr26,2,1920,3840,4.000,awgn,14.0,study,w48,6.0,7.34
w48-ldpc-c256-snr26-f2-k1920@h6,ldpc,c256-snr26,2,1920,3840,4.000,mpg,26.5,109,w48,6.0,7.34
w48-ldpc-c256-snr26-f2-k1920@h6,ldpc,c256-snr26,2,1920,3840,4.000,mpp,21.25,75,w48,6.0,7.34
w48-ldpc-c256-snr26-f2-k1920@h6,ldpc,c256-snr26,2,1920,3840,4.000,mpd,22.75,study,w48,6.0,7.34
w48-ldpc-c256-snr26-f2-k2400@h6,ldpc,c256-snr26,2,2400,3840,5.000,awgn,18.0,study,w48,6.0,7.34
w48-ldpc-c256-snr26-f2-k2400@h6,ldpc,c256-snr26,2,2400,3840,5.000,mpg,31.5,119,w48,6.0,7.34
w48-ldpc-c256-snr26-f2-k2400@h6,ldpc,c256-snr26,2,2400,3840,5.000,mpp,27.0,74,w48,6.0,7.34
w48-ldpc-c256-snr26-f2-k2400@h6,ldpc,c256-snr26,2,2400,3840,5.000,mpd,inf,study,w48,6.0,7.34
ldpc-gray-qam16-f8-k3200@h4,ldpc,gray-qam16,8,3200,3840,3.333,awgn,9.75,study,w,4.0,4.98
ldpc-gray-qam16-f8-k3200@h4,ldpc,gray-qam16,8,3200,3840,3.333,mpg,25.5,23,w,4.0,4.98
ldpc-gray-qam16-f8-k3200@h4,ldpc,gray-qam16,8,3200,3840,3.333,mpp,19.5,19,w,4.0,4.98
ldpc-gray-qam16-f8-k3200@h4,ldpc,gray-qam16,8,3200,3840,3.333,mpd,20.75,study,w,4.0,4.98
ldpc-c64-snr18-f4-k2160@h6,ldpc,c64-snr18,4,2160,2880,4.500,awgn,13.25,study,w,6.0,6.57
ldpc-c64-snr18-f4-k2160@h6,ldpc,c64-snr18,4,2160,2880,4.500,mpg,27.75,38,w,6.0,6.57
ldpc-c64-snr18-f4-k2160@h6,ldpc,c64-snr18,4,2160,2880,4.500,mpp,22.25,28,w,6.0,6.57
ldpc-c64-snr18-f4-k2160@h6,ldpc,c64-snr18,4,2160,2880,4.500,mpd,32.5,study,w,6.0,6.57
w48-ldpc-c64-w48-r12-f2-k1440@h4,ldpc,c64-w48-r12,2,1440,2880,3.000,awgn,11.5,16,w48,4.0,6.05
w48-ldpc-c64-w48-r12-f2-k1440@h4,ldpc,c64-w48-r12,2,1440,2880,3.000,mpg,23.5,21,w48,4.0,6.05
w48-ldpc-c64-w48-r12-f2-k1440@h4,ldpc,c64-w48-r12,2,1440,2880,3.000,mpp,18.0,25,w48,4.0,6.05
w48-ldpc-c64-w48-r12-f2-k1440@h4,ldpc,c64-w48-r12,2,1440,2880,3.000,mpd,18.0,27,w48,4.0,6.05
w48-ldpc-c64-w48-r712-f2-k1680@h5,ldpc,c64-w48-r712,2,1680,2880,3.500,awgn,12.75,16,w48,5.0,6.7
w48-ldpc-c64-w48-r712-f2-k1680@h5,ldpc,c64-w48-r712,2,1680,2880,3.500,mpg,25.0,24,w48,5.0,6.7
w48-ldpc-c64-w48-r712-f2-k1680@h5,ldpc,c64-w48-r712,2,1680,2880,3.500,mpp,19.75,26,w48,5.0,6.7
w48-ldpc-c64-w48-r712-f2-k1680@h5,ldpc,c64-w48-r712,2,1680,2880,3.500,mpd,20.25,29,w48,5.0,6.7
w48-ldpc-c64-w48-r23-f2-k1920@h6,ldpc,c64-w48-r23,2,1920,2880,4.000,awgn,14.0,23,w48,6.0,7.34
w48-ldpc-c64-w48-r23-f2-k1920@h6,ldpc,c64-w48-r23,2,1920,2880,4.000,mpg,27.0,28,w48,6.0,7.34
w48-ldpc-c64-w48-r23-f2-k1920@h6,ldpc,c64-w48-r23,2,1920,2880,4.000,mpp,21.5,26,w48,6.0,7.34
w48-ldpc-c64-w48-r23-f2-k1920@h6,ldpc,c64-w48-r23,2,1920,2880,4.000,mpd,23.0,47,w48,6.0,7.34
w48-ldpc-c64-w48-r34-f2-k2160@h5,ldpc,c64-w48-r34,2,2160,2880,4.500,awgn,17.0,28,w48,5.0,6.7
w48-ldpc-c64-w48-r34-f2-k2160@h5,ldpc,c64-w48-r34,2,2160,2880,4.500,mpg,30.5,42,w48,5.0,6.7
w48-ldpc-c64-w48-r34-f2-k2160@h5,ldpc,c64-w48-r34,2,2160,2880,4.500,mpp,25.75,40,w48,5.0,6.7
w48-ldpc-c64-w48-r34-f2-k2160@h5,ldpc,c64-w48-r34,2,2160,2880,4.500,mpd,inf,7,w48,5.0,6.7
w48-ldpc-c256-w48-r12-f2-k1920@h6,ldpc,c256-w48-r12,2,1920,3840,4.000,awgn,14.5,45,w48,6.0,7.34
w48-ldpc-c256-w48-r12-f2-k1920@h6,ldpc,c256-w48-r12,2,1920,3840,4.000,mpg,26.5,39,w48,6.0,7.34
w48-ldpc-c256-w48-r12-f2-k1920@h6,ldpc,c256-w48-r12,2,1920,3840,4.000,mpp,21.25,38,w48,6.0,7.34
w48-ldpc-c256-w48-r12-f2-k1920@h6,ldpc,c256-w48-r12,2,1920,3840,4.000,mpd,22.75,40,w48,6.0,7.34
w48-ldpc-c256-w48-r58-f2-k2400@h6,ldpc,c256-w48-r58,2,2400,3840,5.000,awgn,18.25,58,w48,6.0,7.34
w48-ldpc-c256-w48-r58-f2-k2400@h6,ldpc,c256-w48-r58,2,2400,3840,5.000,mpg,30.75,71,w48,6.0,7.34
w48-ldpc-c256-w48-r58-f2-k2400@h6,ldpc,c256-w48-r58,2,2400,3840,5.000,mpp,26.25,70,w48,6.0,7.34
w48-ldpc-c256-w48-r58-f2-k2400@h6,ldpc,c256-w48-r58,2,2400,3840,5.000,mpd,inf,6,w48,6.0,7.34
polar-gray-qam4-f1-k48@h0,polar,gray-qam4,1,48,240,0.400,awgn,-4.0,6,w,0.0,2.76
polar-gray-qam4-f1-k48@h0,polar,gray-qam4,1,48,240,0.400,mpg,5.75,3,w,0.0,2.76
polar-gray-qam4-f1-k48@h0,polar,gray-qam4,1,48,240,0.400,mpp,6.5,5,w,0.0,2.76
polar-gray-qam4-f1-k48@h0,polar,gray-qam4,1,48,240,0.400,mpd,6.5,6,w,0.0,2.76
