channel,snr,seed,submode,band,n_cw,ctl_slots,dup,kind,outcome,data_sent,data_ok,snr_est,delivered_Bps
mpg,-4.0,7,qpsk-r1/5,w,1,1,0,ctl,ok,0,0,-0.5,12.8
mpg,-4.0,7,qpsk-r1/5,w,1,1,0,ctl,ok,0,0,2.2,12.8
mpg,-4.0,7,fsk32r62-r1/2,c32r62,8,1,0,data,ok,7,7,1.6,12.8
mpg,-4.0,7,fsk32r62-r1/2,c32r62,1,1,0,ctl,ok,0,0,0.3,12.8
mpg,-4.0,7,fsk32r62-r1/2,c32r62,8,1,0,data,ok,7,7,0.4,12.8
mpg,-4.0,7,fsk32r62-r1/2,c32r62,1,1,0,ctl,ok,0,0,4.0,12.8
mpg,-4.0,7,fsk32r62-r1/2,c32r62,8,1,0,data,ok,7,7,1.1,12.8
mpg,-4.0,7,fsk32r62-r1/2,c32r62,1,1,0,ctl,ok,0,0,-4.7,12.8
mpg,-4.0,7,fsk32r62-r1/2,c32r62,8,1,0,data,ok,7,7,-0.7,12.8
mpg,-4.0,7,fsk32r62-r1/2,c32r62,1,1,0,ctl,ok,0,0,2.2,12.8
mpg,-4.0,7,fsk32r62-r1/2,c32r62,8,1,0,data,ok,7,7,0.8,12.8
mpg,-4.0,7,fsk32r62-r1/2,c32r62,1,1,0,ctl,ok,0,0,-3.2,12.8
mpg,-4.0,7,fsk32r62-r1/2,c32r62,8,1,0,data,ok,7,7,-0.3,12.8
mpg,-4.0,7,fsk32r62-r1/2,c32r62,1,1,0,ctl,ok,0,0,-5.0,12.8
mpg,-4.0,7,fsk32r62-r1/2,c32r62,8,1,0,data,ok,7,7,0.1,12.8
mpg,-4.0,7,fsk32r62-r1/2,c32r62,1,1,0,ctl,ok,0,0,-1.8,12.8
mpg,-4.0,7,fsk32r62-r1/2,c32r62,8,1,0,data,ok,7,6,-2.6,12.8
mpg,-4.0,7,fsk32r62-r1/2,c32r62,1,1,0,ctl,ok,0,0,1.8,12.8
mpg,-4.0,7,fsk32r62-r1/2,c32r62,8,1,0,data,ok,6,6,1.0,12.8
mpg,-4.0,7,fsk32r62-r1/2,c32r62,1,1,0,ctl,ok,0,0,1.4,12.8
mpg,-4.0,7,fsk32r62-r1/2,c32r62,8,1,0,data,ok,7,7,-0.6,12.8
mpg,-4.0,7,fsk32r62-r1/2,c32r62,1,1,0,ctl,ok,0,0,2.5,12.8
mpg,-4.0,7,fsk32r62-r1/2,c32r62,8,1,0,data,ok,7,5,-3.3,12.8
mpg,-4.0,7,fsk32r62-r1/2,c32r62,1,1,0,ctl,ok,0,0,-2.6,12.8
mpg,-4.0,7,fsk32r62-r1/2,c32r62,8,1,0,data,ok,5,5,0.1,12.8
mpg,-4.0,7,fsk32r62-r1/2,c32r62,1,1,0,ctl,ok,0,0,2.4,12.8
mpg,-4.0,7,fsk32r62-r1/2,c32r62,8,1,0,data,ok,7,7,0.2,12.8
mpg,-4.0,7,fsk32r62-r1/2,c32r62,1,1,0,ctl,ok,0,0,1.3,12.8
mpg,-4.0,7,fsk32r62-r1/2,c32r62,8,1,0,data,ok,7,7,1.7,12.8
mpg,-4.0,7,fsk32r62-r1/2,c32r62,1,1,0,ctl,ok,0,0,-0.4,12.8
mpg,-4.0,7,fsk32r62-r1/2,c32r62,8,1,0,data,ok,7,7,-1.2,12.8
mpg,-4.0,7,fsk32r62-r1/2,c32r62,1,1,0,ctl,ok,0,0,-0.1,12.8
mpg,-4.0,7,fsk32r62-r1/2,c32r62,8,1,0,data,ok,7,7,-0.6,12.8
mpg,-4.0,7,fsk32r62-r1/2,c32r62,1,1,0,ctl,ok,0,0,0.9,12.8
mpg,-4.0,7,fsk32r62-r1/2,c32r62,8,1,0,data,ok,7,7,0.1,12.8
mpg,-4.0,7,fsk32r62-r1/2,c32r62,1,1,0,ctl,ok,0,0,-0.1,12.8
mpg,-4.0,7,fsk32r62-r1/2,c32r62,8,1,0,data,ok,7,6,-0.4,12.8
mpg,-4.0,7,fsk32r62-r1/2,c32r62,1,1,0,ctl,ok,0,0,-2.4,12.8
mpg,-4.0,7,fsk32r62-r1/2,c32r62,8,1,0,data,ok,6,6,1.7,12.8
mpg,-4.0,7,fsk32r62-r1/2,c32r62,1,1,0,ctl,ok,0,0,-1.4,12.8
mpg,-4.0,7,fsk32r62-r1/2,c32r62,8,1,0,data,ok,7,7,-1.0,12.8
mpg,-4.0,7,fsk32r62-r1/2,c32r62,1,1,0,ctl,ok,0,0,-2.2,12.8
mpg,-4.0,7,fsk32r62-r1/2,c32r62,8,1,0,data,ok,7,7,1.2,12.8
mpg,-4.0,2,qpsk-r1/5,w,1,1,0,ctl,ok,0,0,-4.1,12.8
mpg,-4.0,2,qpsk-r1/5,w,1,1,0,ctl,ok,0,0,-0.8,12.8
mpg,-4.0,2,fsk32r62-r1/2,c32r62,8,1,0,data,ok,7,6,-1.6,12.8
mpg,-4.0,2,fsk32r62-r1/2,c32r62,1,1,0,ctl,ok,0,0,3.2,12.8
mpg,-4.0,2,fsk32r62-r1/2,c32r62,8,1,0,data,ok,6,5,-1.5,12.8
mpg,-4.0,2,fsk32r62-r1/2,c32r62,1,1,0,ctl,ok,0,0,-4.4,12.8
mpg,-4.0,2,fsk32r62-r1/2,c32r62,8,1,0,data,ok,6,6,0.2,12.8
mpg,-4.0,2,fsk32r62-r1/2,c32r62,1,1,0,ctl,ok,0,0,0.1,12.8
mpg,-4.0,2,fsk32r62-r1/2,c32r62,8,1,0,data,ok,7,6,-0.9,12.8
mpg,-4.0,2,fsk32r62-r1/2,c32r62,1,1,0,ctl,ok,0,0,-5.5,12.8
mpg,-4.0,2,fsk32r62-r1/2,c32r62,8,1,0,data,ok,6,6,-1.6,12.8
mpg,-4.0,2,fsk32r62-r1/2,c32r62,1,1,0,ctl,ok,0,0,2.6,12.8
mpg,-4.0,2,fsk32r62-r1/2,c32r62,8,1,0,data,ok,7,7,1.7,12.8
mpg,-4.0,2,fsk32r62-r1/2,c32r62,1,1,0,ctl,ok,0,0,-0.0,12.8
mpg,-4.0,2,fsk32r62-r1/2,c32r62,8,1,0,data,ok,7,7,2.2,12.8
mpg,-4.0,2,fsk32r62-r1/2,c32r62,1,1,0,ctl,ok,0,0,3.1,12.8
mpg,-4.0,2,fsk32r62-r1/2,c32r62,8,1,0,data,ok,7,7,1.0,12.8
mpg,-4.0,2,fsk32r62-r1/2,c32r62,1,1,0,ctl,ok,0,0,1.1,12.8
mpg,-4.0,2,fsk32r62-r1/2,c32r62,8,1,0,data,ok,7,7,-0.3,12.8
mpg,-4.0,2,fsk32r62-r1/2,c32r62,1,1,0,ctl,ok,0,0,-7.4,12.8
mpg,-4.0,2,fsk32r62-r1/2,c32r62,8,1,0,data,ok,7,7,-0.4,12.8
mpg,-4.0,2,fsk32r62-r1/2,c32r62,1,1,0,ctl,ok,0,0,-3.6,12.8
mpg,-4.0,2,fsk32r62-r1/2,c32r62,8,1,0,data,ok,7,7,-2.0,12.8
mpg,-4.0,2,fsk32r62-r1/2,c32r62,1,1,0,ctl,ok,0,0,0.8,12.8
mpg,-4.0,2,fsk32r62-r1/2,c32r62,8,1,0,data,ok,7,6,-2.5,12.8
mpg,-4.0,2,fsk32r62-r1/2,c32r62,1,1,0,ctl,ok,0,0,-4.0,12.8
mpg,-4.0,2,fsk32r62-r1/2,c32r62,8,1,0,data,ok,6,6,1.5,12.8
mpg,-4.0,2,fsk32r62-r1/2,c32r62,1,1,0,ctl,ok,0,0,-0.9,12.8
mpg,-4.0,2,fsk32r62-r1/2,c32r62,8,1,0,data,ok,7,7,-0.2,12.8
mpg,-4.0,2,fsk32r62-r1/2,c32r62,1,1,0,ctl,ok,0,0,3.4,12.8
mpg,-4.0,2,fsk32r62-r1/2,c32r62,8,1,0,data,ok,7,7,-0.7,12.8
mpg,-4.0,2,fsk32r62-r1/2,c32r62,1,1,0,ctl,ok,0,0,-1.2,12.8
mpg,-4.0,2,fsk32r62-r1/2,c32r62,8,1,0,data,ok,7,7,-1.7,12.8
mpg,-4.0,2,fsk32r62-r1/2,c32r62,1,1,0,ctl,ok,0,0,0.3,12.8
mpg,-4.0,2,fsk32r62-r1/2,c32r62,8,1,0,data,ok,7,7,1.1,12.8
mpg,-4.0,2,fsk32r62-r1/2,c32r62,1,1,0,ctl,ok,0,0,-3.9,12.8
mpg,-4.0,2,fsk32r62-r1/2,c32r62,8,1,0,data,ok,7,6,0.7,12.8
mpg,-4.0,2,fsk32r62-r1/2,c32r62,1,1,0,ctl,ok,0,0,5.0,12.8
mpg,-4.0,2,fsk32r62-r1/2,c32r62,8,1,0,data,ok,6,6,1.7,12.8
mpg,-4.0,2,fsk32r62-r1/2,c32r62,1,1,0,ctl,ok,0,0,-2.3,12.8
mpg,-4.0,2,fsk32r62-r1/2,c32r62,8,1,0,data,ok,7,6,-2.3,12.8
mpg,-4.0,2,fsk32r62-r1/2,c32r62,1,1,0,ctl,ok,0,0,1.6,12.8
mpg,-4.0,2,fsk32r62-r1/2,c32r62,8,1,0,data,ok,6,5,0.9,12.8
mpg,-4.0,5,qpsk-r1/5,w,1,1,0,ctl,ok,0,0,0.8,12.3
mpg,-4.0,5,qpsk-r1/5,w,1,1,0,ctl,ok,0,0,2.3,12.3
mpg,-4.0,5,fsk32r62-r1/2,c32r62,8,1,0,data,ok,7,7,1.0,12.3
mpg,-4.0,5,fsk32r62-r1/2,c32r62,1,1,0,ctl,ok,0,0,-2.8,12.3
mpg,-4.0,5,fsk32r62-r1/2,c32r62,8,1,0,data,ok,7,7,-0.3,12.3
mpg,-4.0,5,fsk32r62-r1/2,c32r62,1,1,0,ctl,ok,0,0,1.7,12.3
mpg,-4.0,5,fsk32r62-r1/2,c32r62,8,1,0,data,ok,7,7,0.8,12.3
mpg,-4.0,5,fsk32r62-r1/2,c32r62,1,1,0,ctl,ok,0,0,-4.1,12.3
mpg,-4.0,5,fsk32r62-r1/2,c32r62,8,1,0,data,ok,7,7,0.9,12.3
mpg,-4.0,5,fsk32r62-r1/2,c32r62,1,1,0,ctl,ok,0,0,2.4,12.3
mpg,-4.0,5,fsk32r62-r1/2,c32r62,8,1,0,data,ok,7,7,-1.9,12.3
mpg,-4.0,5,fsk32r62-r1/2,c32r62,1,1,0,ctl,ok,0,0,-3.4,12.3
mpg,-4.0,5,fsk32r62-r1/2,c32r62,8,1,0,data,ok,7,7,-1.0,12.3
mpg,-4.0,5,fsk32r62-r1/2,c32r62,1,1,0,ctl,ok,0,0,-7.3,12.3
mpg,-4.0,5,fsk32r62-r1/2,c32r62,8,1,0,data,ok,7,6,-2.2,12.3
mpg,-4.0,5,fsk32r62-r1/2,c32r62,1,1,0,ctl,ok,0,0,3.7,12.3
mpg,-4.0,5,fsk32r62-r1/2,c32r62,8,1,0,data,ok,6,5,-0.2,12.3
mpg,-4.0,5,fsk32r62-r1/2,c32r62,1,1,0,ctl,ok,0,0,-3.4,12.3
mpg,-4.0,5,fsk32r62-r1/2,c32r62,8,1,0,data,ok,6,6,-0.8,12.3
mpg,-4.0,5,fsk32r62-r1/2,c32r62,1,1,0,ctl,ok,0,0,0.2,12.3
mpg,-4.0,5,fsk32r62-r1/2,c32r62,8,1,0,data,ok,7,7,0.7,12.3
mpg,-4.0,5,fsk32r62-r1/2,c32r62,1,1,0,ctl,ok,0,0,0.9,12.3
mpg,-4.0,5,fsk32r62-r1/2,c32r62,8,1,0,data,ok,7,7,1.0,12.3
mpg,-4.0,5,fsk32r62-r1/2,c32r62,1,1,0,ctl,ok,0,0,3.6,12.3
mpg,-4.0,5,fsk32r62-r1/2,c32r62,8,1,0,data,ok,7,6,0.0,12.3
mpg,-4.0,5,fsk32r62-r1/2,c32r62,1,1,0,ctl,ok,0,0,-4.2,12.3
mpg,-4.0,5,fsk32r62-r1/2,c32r62,8,1,0,data,ok,6,6,0.3,12.3
mpg,-4.0,5,fsk32r62-r1/2,c32r62,1,1,0,ctl,ok,0,0,-2.8,12.3
mpg,-4.0,5,fsk32r62-r1/2,c32r62,8,1,0,data,ok,7,7,-0.7,12.3
mpg,-4.0,5,fsk32r62-r1/2,c32r62,1,1,0,ctl,ok,0,0,-3.2,12.3
mpg,-4.0,5,fsk32r62-r1/2,c32r62,8,1,0,data,ok,7,7,0.4,12.3
mpg,-4.0,5,fsk32r62-r1/2,c32r62,1,1,0,ctl,ok,0,0,2.4,12.3
mpg,-4.0,5,fsk32r62-r1/2,c32r62,8,1,0,data,ok,7,7,-0.7,12.3
mpg,-4.0,5,fsk32r62-r1/2,c32r62,1,1,0,ctl,ok,0,0,2.3,12.3
mpg,-4.0,5,fsk32r62-r1/2,c32r62,8,1,0,data,ok,7,7,0.3,12.3
mpg,-4.0,5,fsk32r62-r1/2,c32r62,1,1,0,ctl,ok,0,0,4.1,12.3
mpg,-4.0,5,fsk32r62-r1/2,c32r62,8,1,0,data,ok,7,7,0.3,12.3
mpg,-4.0,5,fsk32r62-r1/2,c32r62,1,1,0,ctl,ok,0,0,1.6,12.3
mpg,-4.0,5,fsk32r62-r1/2,c32r62,8,1,0,data,ok,7,6,-0.3,12.3
mpg,-4.0,5,fsk32r62-r1/2,c32r62,1,1,0,ctl,ok,0,0,-2.9,12.3
mpg,-4.0,5,fsk32r62-r1/2,c32r62,8,1,0,data,ok,6,5,-0.8,12.3
mpg,-4.0,5,fsk32r62-r1/2,c32r62,1,1,0,ctl,ok,0,0,4.0,12.3
mpg,-4.0,5,fsk32r62-r1/2,c32r62,8,1,0,data,ok,6,5,-1.8,12.3
mpg,-4.0,9,qpsk-r1/5,w,1,1,0,ctl,ok,0,0,4.1,12.3
mpg,-4.0,9,qpsk-r1/5,w,1,1,0,ctl,ok,0,0,4.0,12.3
mpg,-4.0,9,fsk32r62-r1/2,c32r62,8,1,0,data,ok,7,7,-2.2,12.3
mpg,-4.0,9,fsk32r62-r1/2,c32r62,1,1,0,ctl,ok,0,0,1.9,12.3
mpg,-4.0,9,fsk32r62-r1/2,c32r62,8,1,0,data,ok,7,7,-0.4,12.3
mpg,-4.0,9,fsk32r62-r1/2,c32r62,1,1,0,ctl,ok,0,0,-3.4,12.3
mpg,-4.0,9,fsk32r62-r1/2,c32r62,8,1,0,data,ok,7,6,-1.2,12.3
mpg,-4.0,9,fsk32r62-r1/2,c32r62,1,1,0,ctl,ok,0,0,-6.7,12.3
mpg,-4.0,9,fsk32r62-r1/2,c32r62,8,1,0,data,ok,6,6,2.0,12.3
mpg,-4.0,9,fsk32r62-r1/2,c32r62,1,1,0,ctl,ok,0,0,-4.5,12.3
mpg,-4.0,9,fsk32r62-r1/2,c32r62,8,1,0,data,ok,7,6,-1.1,12.3
mpg,-4.0,9,fsk32r62-r1/2,c32r62,1,1,0,ctl,ok,0,0,-3.1,12.3
mpg,-4.0,9,fsk32r62-r1/2,c32r62,8,1,0,data,ctl_lost,6,6,-1.6,12.3
mpg,-4.0,9,fsk32r62-r1/2,c32r62,1,1,0,ctl,ok,0,0,1.4,12.3
mpg,-4.0,9,fsk32r62-r1/2,c32r62,1,1,0,ctl,ok,0,0,-1.5,12.3
mpg,-4.0,9,fsk32r62-r1/2,c32r62,8,1,0,data,ok,6,5,-2.2,12.3
mpg,-4.0,9,fsk32r62-r1/2,c32r62,1,1,0,ctl,ctl_lost,0,0,-7.8,12.3
mpg,-4.0,9,fsk32r62-r1/2,c32r62,1,1,0,ctl,ctl_lost,0,0,-8.9,12.3
mpg,-4.0,9,fsk32r62-r1/2,c32r62,1,1,0,ctl,ok,0,0,2.1,12.3
mpg,-4.0,9,fsk32r62-r1/2,c32r62,1,1,0,ctl,ok,0,0,0.6,12.3
mpg,-4.0,9,fsk32r62-r1/2,c32r62,8,1,0,data,ok,7,7,-1.1,12.3
mpg,-4.0,9,fsk32r62-r1/2,c32r62,1,1,0,ctl,ok,0,0,-3.4,12.3
mpg,-4.0,9,fsk32r62-r1/2,c32r62,8,1,0,data,ok,7,7,-0.8,12.3
mpg,-4.0,9,fsk32r62-r1/2,c32r62,1,1,0,ctl,ok,0,0,-0.5,12.3
mpg,-4.0,9,fsk32r62-r1/2,c32r62,8,1,0,data,ok,7,7,-1.1,12.3
mpg,-4.0,9,fsk32r62-r1/2,c32r62,1,1,0,ctl,ok,0,0,-6.2,12.3
mpg,-4.0,9,fsk32r62-r1/2,c32r62,8,1,0,data,ok,7,7,-0.3,12.3
mpg,-4.0,9,fsk32r62-r1/2,c32r62,1,1,0,ctl,ok,0,0,-2.5,12.3
mpg,-4.0,9,fsk32r62-r1/2,c32r62,8,1,0,data,ok,7,7,0.2,12.3
mpg,-4.0,9,fsk32r62-r1/2,c32r62,1,1,0,ctl,ok,0,0,-3.8,12.3
mpg,-4.0,9,fsk32r62-r1/2,c32r62,8,1,0,data,ok,7,6,-1.2,12.3
mpg,-4.0,9,fsk32r62-r1/2,c32r62,1,1,0,ctl,ok,0,0,2.3,12.3
mpg,-4.0,9,fsk32r62-r1/2,c32r62,8,1,0,data,ok,6,6,-0.3,12.3
mpg,-4.0,9,fsk32r62-r1/2,c32r62,1,1,0,ctl,ok,0,0,-4.6,12.3
mpg,-4.0,9,fsk32r62-r1/2,c32r62,8,1,0,data,ok,7,7,-0.2,12.3
mpg,-4.0,9,fsk32r62-r1/2,c32r62,1,1,0,ctl,ok,0,0,-3.6,12.3
mpg,-4.0,9,fsk32r62-r1/2,c32r62,8,1,0,data,ok,7,7,0.3,12.3
mpg,-4.0,9,fsk32r62-r1/2,c32r62,1,1,0,ctl,ok,0,0,4.0,12.3
mpg,-4.0,9,fsk32r62-r1/2,c32r62,8,1,0,data,ok,7,7,0.5,12.3
mpg,-4.0,9,fsk32r62-r1/2,c32r62,1,1,0,ctl,ok,0,0,0.6,12.3
mpg,-4.0,9,fsk32r62-r1/2,c32r62,8,1,0,data,ok,7,6,-1.6,12.3
mpg,-4.0,9,fsk32r62-r1/2,c32r62,1,1,0,ctl,ok,0,0,1.4,12.3
mpg,-4.0,9,fsk32r62-r1/2,c32r62,8,1,0,data,ok,6,6,-0.2,12.3
mpg,-4.0,9,fsk32r62-r1/2,c32r62,1,1,0,ctl,ok,0,0,2.0,12.3
mpg,-4.0,9,fsk32r62-r1/2,c32r62,8,1,0,data,ok,7,7,-0.7,12.3
mpg,-4.0,9,fsk32r62-r1/2,c32r62,1,1,0,ctl,ok,0,0,-4.3,12.3
mpg,-4.0,4,qpsk-r1/5,w,1,1,0,ctl,ctl_lost,0,0,-10.3,11.5
mpg,-4.0,4,qpsk-r1/5,w,1,1,,ctl,missed,0,0,,11.5
mpg,-4.0,4,qpsk-r1/5,w,1,1,0,ctl,ok,0,0,-0.6,11.5
mpg,-4.0,4,qpsk-r1/5,w,1,1,0,ctl,ctl_lost,0,0,-2.6,11.5
mpg,-4.0,4,qpsk-r1/5,w,1,1,0,ctl,ok,0,0,-0.5,11.5
mpg,-4.0,4,qpsk-r1/5,w,1,1,0,ctl,ok,0,0,3.1,11.5
mpg,-4.0,4,fsk32r62-r1/2,c32r62,8,1,0,data,ok,7,7,0.9,11.5
mpg,-4.0,4,fsk32r62-r1/2,c32r62,1,1,0,ctl,ok,0,0,2.7,11.5
mpg,-4.0,4,fsk32r62-r1/2,c32r62,8,1,0,data,ok,7,7,0.3,11.5
mpg,-4.0,4,fsk32r62-r1/2,c32r62,1,1,0,ctl,ok,0,0,1.7,11.5
mpg,-4.0,4,fsk32r62-r1/2,c32r62,8,1,0,data,ok,7,7,-0.0,11.5
mpg,-4.0,4,fsk32r62-r1/2,c32r62,1,1,0,ctl,ok,0,0,-4.2,11.5
mpg,-4.0,4,fsk32r62-r1/2,c32r62,8,1,0,data,ctl_lost,7,6,-0.8,11.5
mpg,-4.0,4,fsk32r62-r1/2,c32r62,1,1,0,ctl,ok,0,0,-1.2,11.5
mpg,-4.0,4,fsk32r62-r1/2,c32r62,1,1,0,ctl,ok,0,0,1.3,11.5
mpg,-4.0,4,fsk32r62-r1/2,c32r62,8,1,0,data,ok,7,7,-1.7,11.5
mpg,-4.0,4,fsk32r62-r1/2,c32r62,1,1,0,ctl,ok,0,0,-2.7,11.5
mpg,-4.0,4,fsk32r62-r1/2,c32r62,8,1,0,data,ok,7,7,-0.0,11.5
mpg,-4.0,4,fsk32r62-r1/2,c32r62,1,1,0,ctl,ok,0,0,-3.5,11.5
mpg,-4.0,4,fsk32r62-r1/2,c32r62,8,1,0,data,ok,7,6,-0.4,11.5
mpg,-4.0,4,fsk32r62-r1/2,c32r62,1,1,0,ctl,ok,0,0,-3.0,11.5
mpg,-4.0,4,fsk32r62-r1/2,c32r62,8,1,0,data,ok,6,6,0.1,11.5
mpg,-4.0,4,fsk32r62-r1/2,c32r62,1,1,0,ctl,ok,0,0,-6.0,11.5
mpg,-4.0,4,fsk32r62-r1/2,c32r62,8,1,0,data,ok,7,7,-1.0,11.5
mpg,-4.0,4,fsk32r62-r1/2,c32r62,1,1,0,ctl,ok,0,0,-1.8,11.5
mpg,-4.0,4,fsk32r62-r1/2,c32r62,8,1,0,data,ok,7,7,-0.8,11.5
mpg,-4.0,4,fsk32r62-r1/2,c32r62,1,1,0,ctl,ok,0,0,4.0,11.5
mpg,-4.0,4,fsk32r62-r1/2,c32r62,8,1,0,data,ok,7,7,-0.0,11.5
mpg,-4.0,4,fsk32r62-r1/2,c32r62,1,1,0,ctl,ok,0,0,-2.4,11.5
mpg,-4.0,4,fsk32r62-r1/2,c32r62,8,1,0,data,ok,7,7,-2.4,11.5
mpg,-4.0,4,fsk32r62-r1/2,c32r62,1,1,0,ctl,ok,0,0,-1.9,11.5
mpg,-4.0,4,fsk32r62-r1/2,c32r62,8,1,0,data,ok,7,7,0.6,11.5
mpg,-4.0,4,fsk32r62-r1/2,c32r62,1,1,0,ctl,ok,0,0,0.6,11.5
mpg,-4.0,4,fsk32r62-r1/2,c32r62,8,1,0,data,ok,7,5,-2.2,11.5
mpg,-4.0,4,fsk32r62-r1/2,c32r62,1,1,,ctl,missed,0,0,,11.5
mpg,-4.0,4,fsk32r62-r1/2,c32r62,1,1,0,ctl,ok,0,0,-5.6,11.5
mpg,-4.0,4,fsk32r62-r1/2,c32r62,1,1,0,ctl,ok,0,0,1.6,11.5
mpg,-4.0,4,fsk32r62-r1/2,c32r62,8,1,0,data,ok,7,7,1.3,11.5
mpg,-4.0,4,fsk32r62-r1/2,c32r62,1,1,0,ctl,ok,0,0,-0.9,11.5
mpg,-4.0,4,fsk32r62-r1/2,c32r62,8,1,0,data,ok,7,7,0.2,11.5
mpg,-4.0,4,fsk32r62-r1/2,c32r62,1,1,0,ctl,ok,0,0,2.0,11.5
mpg,-4.0,4,fsk32r62-r1/2,c32r62,8,1,0,data,ok,7,7,0.1,11.5
mpg,-4.0,4,fsk32r62-r1/2,c32r62,1,1,0,ctl,ok,0,0,0.8,11.5
mpg,-4.0,4,fsk32r62-r1/2,c32r62,8,1,0,data,ok,7,7,-0.0,11.5
mpg,-4.0,4,fsk32r62-r1/2,c32r62,1,1,0,ctl,ok,0,0,-0.5,11.5
mpg,-4.0,4,fsk32r62-r1/2,c32r62,8,1,0,data,ok,7,7,1.4,11.5
mpg,-4.0,4,fsk32r62-r1/2,c32r62,1,1,0,ctl,ok,0,0,0.8,11.5
mpg,-4.0,4,fsk32r62-r1/2,c32r62,8,1,0,data,ok,7,7,1.2,11.5
mpg,-4.0,3,qpsk-r1/5,w,1,1,0,ctl,ok,0,0,-0.5,11.5
mpg,-4.0,3,qpsk-r1/5,w,1,1,0,ctl,ok,0,0,-1.1,11.5
mpg,-4.0,3,fsk32r62-r1/2,c32r62,8,1,0,data,ok,7,7,-0.7,11.5
mpg,-4.0,3,fsk32r62-r1/2,c32r62,1,1,0,ctl,ok,0,0,2.9,11.5
mpg,-4.0,3,fsk32r62-r1/2,c32r62,8,1,0,data,ok,7,7,0.3,11.5
mpg,-4.0,3,fsk32r62-r1/2,c32r62,1,1,0,ctl,ok,0,0,-0.7,11.5
mpg,-4.0,3,fsk32r62-r1/2,c32r62,8,1,0,data,ok,7,7,0.1,11.5
mpg,-4.0,3,fsk32r62-r1/2,c32r62,1,1,0,ctl,ok,0,0,2.4,11.5
mpg,-4.0,3,fsk32r62-r1/2,c32r62,8,1,0,data,ok,7,7,-0.5,11.5
mpg,-4.0,3,fsk32r62-r1/2,c32r62,1,1,0,ctl,ok,0,0,2.1,11.5
mpg,-4.0,3,fsk32r62-r1/2,c32r62,8,1,0,data,ok,7,6,-1.0,11.5
mpg,-4.0,3,fsk32r62-r1/2,c32r62,1,1,0,ctl,ok,0,0,-6.6,11.5
mpg,-4.0,3,fsk32r62-r1/2,c32r62,8,1,0,data,ok,6,5,-3.2,11.5
mpg,-4.0,3,fsk32r62-r1/2,c32r62,1,1,0,ctl,ok,0,0,-0.7,11.5
mpg,-4.0,3,fsk32r62-r1/2,c32r62,8,1,0,data,ok,6,6,1.2,11.5
mpg,-4.0,3,fsk32r62-r1/2,c32r62,1,1,0,ctl,ok,0,0,0.9,11.5
mpg,-4.0,3,fsk32r62-r1/2,c32r62,8,1,0,data,ok,7,6,1.1,11.5
mpg,-4.0,3,fsk32r62-r1/2,c32r62,1,1,0,ctl,ok,0,0,0.6,11.5
mpg,-4.0,3,fsk32r62-r1/2,c32r62,8,1,0,data,ok,6,6,1.3,11.5
mpg,-4.0,3,fsk32r62-r1/2,c32r62,1,1,0,ctl,ok,0,0,-0.5,11.5
mpg,-4.0,3,fsk32r62-r1/2,c32r62,8,1,0,data,ok,7,7,2.2,11.5
mpg,-4.0,3,fsk32r62-r1/2,c32r62,1,1,0,ctl,ok,0,0,-1.7,11.5
mpg,-4.0,3,fsk32r62-r1/2,c32r62,8,1,0,data,ctl_lost,7,7,-0.5,11.5
mpg,-4.0,3,fsk32r62-r1/2,c32r62,1,1,0,ctl,ok,0,0,0.4,11.5
mpg,-4.0,3,fsk32r62-r1/2,c32r62,1,1,0,ctl,ok,0,0,0.7,11.5
mpg,-4.0,3,fsk32r62-r1/2,c32r62,8,1,0,data,ok,7,7,-1.4,11.5
mpg,-4.0,3,fsk32r62-r1/2,c32r62,1,1,0,ctl,ctl_lost,0,0,-10.3,11.5
mpg,-4.0,3,fsk32r62-r1/2,c32r62,1,1,0,ctl,ok,0,0,-2.2,11.5
mpg,-4.0,3,fsk32r62-r1/2,c32r62,1,1,0,ctl,ok,0,0,-3.1,11.5
mpg,-4.0,3,fsk32r62-r1/2,c32r62,8,1,0,data,ok,7,7,-2.9,11.5
mpg,-4.0,3,fsk32r62-r1/2,c32r62,1,1,0,ctl,ok,0,0,-4.2,11.5
mpg,-4.0,3,fsk32r62-r1/2,c32r62,8,1,0,data,ok,7,7,0.4,11.5
mpg,-4.0,3,fsk32r62-r1/2,c32r62,1,1,0,ctl,ok,0,0,2.1,11.5
mpg,-4.0,3,fsk32r62-r1/2,c32r62,8,1,0,data,ok,7,7,-0.9,11.5
mpg,-4.0,3,fsk32r62-r1/2,c32r62,1,1,0,ctl,ok,0,0,1.0,11.5
mpg,-4.0,3,fsk32r62-r1/2,c32r62,8,1,0,data,ok,7,7,-1.7,11.5
mpg,-4.0,3,fsk32r62-r1/2,c32r62,1,1,0,ctl,ctl_lost,0,0,-9.2,11.5
mpg,-4.0,3,fsk32r62-r1/2,c32r62,1,1,0,ctl,ok,0,0,2.9,11.5
mpg,-4.0,3,fsk32r62-r1/2,c32r62,1,1,0,ctl,ok,0,0,2.8,11.5
mpg,-4.0,3,fsk32r62-r1/2,c32r62,8,1,0,data,ok,7,7,3.0,11.5
mpg,-4.0,3,fsk32r62-r1/2,c32r62,1,1,0,ctl,ok,0,0,2.4,11.5
mpg,-4.0,3,fsk32r62-r1/2,c32r62,8,1,0,data,ok,7,7,-0.6,11.5
mpg,-4.0,3,fsk32r62-r1/2,c32r62,1,1,0,ctl,ok,0,0,2.4,11.5
mpg,-4.0,3,fsk32r62-r1/2,c32r62,8,1,0,data,ok,7,6,-2.1,11.5
mpg,-4.0,3,fsk32r62-r1/2,c32r62,1,1,0,ctl,ok,0,0,1.8,11.5
mpg,-4.0,3,fsk32r62-r1/2,c32r62,8,1,0,data,ok,6,4,-2.1,11.5
mpg,-4.0,1,qpsk-r1/5,w,1,1,0,ctl,ok,0,0,-0.5,12.3
mpg,-4.0,1,qpsk-r1/5,w,1,1,0,ctl,ctl_lost,0,0,-4.1,12.3
mpg,-4.0,1,qpsk-r1/5,w,1,1,0,ctl,ok,0,0,0.9,12.3
mpg,-4.0,1,qpsk-r1/5,w,1,1,0,ctl,ok,0,0,-0.1,12.3
mpg,-4.0,1,fsk32r62-r1/2,c32r62,8,1,0,data,ok,7,7,0.7,12.3
mpg,-4.0,1,fsk32r62-r1/2,c32r62,1,1,0,ctl,ok,0,0,-5.7,12.3
mpg,-4.0,1,fsk32r62-r1/2,c32r62,8,1,0,data,ok,7,6,0.4,12.3
mpg,-4.0,1,fsk32r62-r1/2,c32r62,1,1,0,ctl,ok,0,0,-2.5,12.3
mpg,-4.0,1,fsk32r62-r1/2,c32r62,8,1,0,data,ok,6,5,-0.7,12.3
mpg,-4.0,1,fsk32r62-r1/2,c32r62,1,1,0,ctl,ok,0,0,1.5,12.3
mpg,-4.0,1,fsk32r62-r1/2,c32r62,8,1,0,data,ok,6,6,-0.8,12.3
mpg,-4.0,1,fsk32r62-r1/2,c32r62,1,1,0,ctl,ok,0,0,0.3,12.3
mpg,-4.0,1,fsk32r62-r1/2,c32r62,8,1,0,data,ok,7,7,-3.9,12.3
mpg,-4.0,1,fsk32r62-r1/2,c32r62,1,1,0,ctl,ok,0,0,-1.3,12.3
mpg,-4.0,1,fsk32r62-r1/2,c32r62,8,1,0,data,ok,7,7,-0.9,12.3
mpg,-4.0,1,fsk32r62-r1/2,c32r62,1,1,0,ctl,ok,0,0,-3.7,12.3
mpg,-4.0,1,fsk32r62-r1/2,c32r62,8,1,0,data,ok,7,7,-1.1,12.3
mpg,-4.0,1,fsk32r62-r1/2,c32r62,1,1,0,ctl,ok,0,0,0.4,12.3
mpg,-4.0,1,fsk32r62-r1/2,c32r62,8,1,0,data,ok,7,7,1.3,12.3
mpg,-4.0,1,fsk32r62-r1/2,c32r62,1,1,0,ctl,ok,0,0,2.3,12.3
mpg,-4.0,1,fsk32r62-r1/2,c32r62,8,1,0,data,ok,7,7,-1.2,12.3
mpg,-4.0,1,fsk32r62-r1/2,c32r62,1,1,0,ctl,ok,0,0,-2.0,12.3
mpg,-4.0,1,fsk32r62-r1/2,c32r62,8,1,0,data,ok,7,7,0.1,12.3
mpg,-4.0,1,fsk32r62-r1/2,c32r62,1,1,0,ctl,ok,0,0,1.0,12.3
mpg,-4.0,1,fsk32r62-r1/2,c32r62,8,1,0,data,ok,7,7,0.6,12.3
mpg,-4.0,1,fsk32r62-r1/2,c32r62,1,1,0,ctl,ok,0,0,-3.1,12.3
mpg,-4.0,1,fsk32r62-r1/2,c32r62,8,1,0,data,ok,7,7,-0.3,12.3
mpg,-4.0,1,fsk32r62-r1/2,c32r62,1,1,0,ctl,ok,0,0,-1.5,12.3
mpg,-4.0,1,fsk32r62-r1/2,c32r62,8,1,0,data,ok,7,7,-2.2,12.3
mpg,-4.0,1,fsk32r62-r1/2,c32r62,1,1,0,ctl,ctl_lost,0,0,-6.4,12.3
mpg,-4.0,1,fsk32r62-r1/2,c32r62,1,1,0,ctl,ok,0,0,-2.9,12.3
mpg,-4.0,1,fsk32r62-r1/2,c32r62,1,1,0,ctl,ok,0,0,-0.5,12.3
mpg,-4.0,1,fsk32r62-r1/2,c32r62,8,1,0,data,ok,7,7,2.1,12.3
mpg,-4.0,1,fsk32r62-r1/2,c32r62,1,1,0,ctl,ok,0,0,1.6,12.3
mpg,-4.0,1,fsk32r62-r1/2,c32r62,8,1,0,data,ok,7,7,1.5,12.3
mpg,-4.0,1,fsk32r62-r1/2,c32r62,1,1,0,ctl,ok,0,0,-0.1,12.3
mpg,-4.0,1,fsk32r62-r1/2,c32r62,8,1,0,data,ok,7,7,-0.3,12.3
mpg,-4.0,1,fsk32r62-r1/2,c32r62,1,1,0,ctl,ctl_lost,0,0,-10.2,12.3
mpg,-4.0,1,fsk32r62-r1/2,c32r62,1,1,0,ctl,ok,0,0,-5.4,12.3
mpg,-4.0,1,fsk32r62-r1/2,c32r62,1,1,0,ctl,ok,0,0,-3.2,12.3
mpg,-4.0,1,fsk32r62-r1/2,c32r62,8,1,0,data,ok,7,7,-0.8,12.3
mpg,-4.0,1,fsk32r62-r1/2,c32r62,1,1,0,ctl,ctl_lost,0,0,-10.6,12.3
mpg,-4.0,1,fsk32r62-r1/2,c32r62,1,1,0,ctl,ok,0,0,3.1,12.3
mpg,-4.0,1,fsk32r62-r1/2,c32r62,1,1,0,ctl,ok,0,0,2.2,12.3
mpg,-4.0,1,fsk32r62-r1/2,c32r62,8,1,0,data,ok,7,6,-1.1,12.3
mpg,-4.0,1,fsk32r62-r1/2,c32r62,1,1,0,ctl,ok,0,0,-3.9,12.3
mpg,-4.0,1,fsk32r62-r1/2,c32r62,8,1,0,data,ok,6,6,-1.1,12.3
mpg,-4.0,1,fsk32r62-r1/2,c32r62,1,1,0,ctl,ok,0,0,0.1,12.3
mpg,-4.0,1,fsk32r62-r1/2,c32r62,8,1,0,data,ok,7,6,-2.3,12.3
mpg,-4.0,0,qpsk-r1/5,w,1,1,0,ctl,ok,0,0,-3.3,11.5
mpg,-4.0,0,qpsk-r1/5,w,1,1,0,ctl,ok,0,0,-0.9,11.5
mpg,-4.0,0,fsk32r62-r1/2,c32r62,8,1,0,data,ok,7,6,-2.4,11.5
mpg,-4.0,0,fsk32r62-r1/2,c32r62,1,1,0,ctl,ok,0,0,0.0,11.5
mpg,-4.0,0,fsk32r62-r1/2,c32r62,8,1,0,data,ok,6,6,0.6,11.5
mpg,-4.0,0,fsk32r62-r1/2,c32r62,1,1,0,ctl,ok,0,0,-2.5,11.5
mpg,-4.0,0,fsk32r62-r1/2,c32r62,8,1,0,data,ok,7,7,0.7,11.5
mpg,-4.0,0,fsk32r62-r1/2,c32r62,1,1,0,ctl,ok,0,0,1.7,11.5
mpg,-4.0,0,fsk32r62-r1/2,c32r62,8,1,0,data,ctl_lost,7,7,-1.3,11.5
mpg,-4.0,0,fsk32r62-r1/2,c32r62,1,1,0,ctl,ok,0,0,5.7,11.5
mpg,-4.0,0,fsk32r62-r1/2,c32r62,1,1,0,ctl,ok,0,0,2.4,11.5
mpg,-4.0,0,fsk32r62-r1/2,c32r62,8,1,0,data,ok,7,7,-0.3,11.5
mpg,-4.0,0,fsk32r62-r1/2,c32r62,1,1,0,ctl,ok,0,0,2.3,11.5
mpg,-4.0,0,fsk32r62-r1/2,c32r62,8,1,0,data,ok,7,6,-0.4,11.5
mpg,-4.0,0,fsk32r62-r1/2,c32r62,1,1,0,ctl,ok,0,0,-1.4,11.5
mpg,-4.0,0,fsk32r62-r1/2,c32r62,8,1,0,data,ok,6,6,1.6,11.5
mpg,-4.0,0,fsk32r62-r1/2,c32r62,1,1,0,ctl,ok,0,0,1.7,11.5
mpg,-4.0,0,fsk32r62-r1/2,c32r62,8,1,0,data,ok,7,7,1.0,11.5
mpg,-4.0,0,fsk32r62-r1/2,c32r62,1,1,0,ctl,ok,0,0,1.5,11.5
mpg,-4.0,0,fsk32r62-r1/2,c32r62,8,1,0,data,ok,7,7,1.4,11.5
mpg,-4.0,0,fsk32r62-r1/2,c32r62,1,1,0,ctl,ok,0,0,-0.2,11.5
mpg,-4.0,0,fsk32r62-r1/2,c32r62,8,1,0,data,ok,7,7,-1.2,11.5
mpg,-4.0,0,fsk32r62-r1/2,c32r62,1,1,0,ctl,ok,0,0,-3.9,11.5
mpg,-4.0,0,fsk32r62-r1/2,c32r62,8,1,0,data,ok,7,7,1.0,11.5
mpg,-4.0,0,fsk32r62-r1/2,c32r62,1,1,0,ctl,ok,0,0,4.2,11.5
mpg,-4.0,0,fsk32r62-r1/2,c32r62,8,1,0,data,ok,7,6,0.7,11.5
mpg,-4.0,0,fsk32r62-r1/2,c32r62,1,1,0,ctl,ok,0,0,0.8,11.5
mpg,-4.0,0,fsk32r62-r1/2,c32r62,8,1,0,data,ok,6,6,1.5,11.5
mpg,-4.0,0,fsk32r62-r1/2,c32r62,1,1,0,ctl,ok,0,0,1.2,11.5
mpg,-4.0,0,fsk32r62-r1/2,c32r62,8,1,0,data,ok,7,6,-0.3,11.5
mpg,-4.0,0,fsk32r62-r1/2,c32r62,1,1,0,ctl,ok,0,0,-5.0,11.5
mpg,-4.0,0,fsk32r62-r1/2,c32r62,8,1,0,data,ok,6,4,-1.7,11.5
mpg,-4.0,0,fsk32r62-r1/2,c32r62,1,1,0,ctl,ok,0,0,-1.7,11.5
mpg,-4.0,0,fsk32r62-r1/2,c32r62,8,1,0,data,ok,5,5,1.3,11.5
mpg,-4.0,0,fsk32r62-r1/2,c32r62,1,1,0,ctl,ok,0,0,3.6,11.5
mpg,-4.0,0,fsk32r62-r1/2,c32r62,8,1,0,data,ok,7,7,2.1,11.5
mpg,-4.0,0,fsk32r62-r1/2,c32r62,1,1,0,ctl,ctl_lost,0,0,-6.7,11.5
mpg,-4.0,0,fsk32r62-r1/2,c32r62,1,1,0,ctl,ok,0,0,2.7,11.5
mpg,-4.0,0,fsk32r62-r1/2,c32r62,1,1,0,ctl,ok,0,0,1.2,11.5
mpg,-4.0,0,fsk32r62-r1/2,c32r62,8,1,0,data,ok,7,7,1.0,11.5
mpg,-4.0,0,fsk32r62-r1/2,c32r62,1,1,0,ctl,ok,0,0,-0.8,11.5
mpg,-4.0,0,fsk32r62-r1/2,c32r62,8,1,0,data,ok,7,7,0.8,11.5
mpg,-4.0,0,fsk32r62-r1/2,c32r62,1,1,0,ctl,ctl_lost,0,0,-8.3,11.5
mpg,-4.0,0,fsk32r62-r1/2,c32r62,1,1,0,ctl,ok,0,0,2.1,11.5
mpg,-4.0,0,fsk32r62-r1/2,c32r62,1,1,0,ctl,ok,0,0,3.7,11.5
mpg,-4.0,0,fsk32r62-r1/2,c32r62,8,1,0,data,ok,7,7,-0.5,11.5
mpg,-4.0,10,qpsk-r1/5,w,1,1,0,ctl,ok,0,0,2.8,11.5
mpg,-4.0,10,qpsk-r1/5,w,1,1,0,ctl,ok,0,0,1.3,11.5
mpg,-4.0,10,fsk32r62-r1/2,c32r62,8,1,0,data,ok,7,7,2.0,11.5
mpg,-4.0,10,fsk32r62-r1/2,c32r62,1,1,0,ctl,ok,0,0,-0.9,11.5
mpg,-4.0,10,fsk32r62-r1/2,c32r62,8,1,0,data,ok,7,6,-1.6,11.5
mpg,-4.0,10,fsk32r62-r1/2,c32r62,1,1,0,ctl,ctl_lost,0,0,-7.4,11.5
mpg,-4.0,10,fsk32r62-r1/2,c32r62,1,1,0,ctl,ok,0,0,-3.2,11.5
mpg,-4.0,10,fsk32r62-r1/2,c32r62,1,1,0,ctl,ctl_lost,0,0,-7.7,11.5
mpg,-4.0,10,fsk32r62-r1/2,c32r62,1,1,0,ctl,ok,0,0,-0.5,11.5
mpg,-4.0,10,fsk32r62-r1/2,c32r62,1,1,0,ctl,ok,0,0,1.2,11.5
mpg,-4.0,10,fsk32r62-r1/2,c32r62,8,1,0,data,ok,7,7,-0.5,11.5
mpg,-4.0,10,fsk32r62-r1/2,c32r62,1,1,0,ctl,ok,0,0,-7.0,11.5
mpg,-4.0,10,fsk32r62-r1/2,c32r62,8,1,0,data,ok,7,7,-1.2,11.5
mpg,-4.0,10,fsk32r62-r1/2,c32r62,1,1,0,ctl,ok,0,0,-0.1,11.5
mpg,-4.0,10,fsk32r62-r1/2,c32r62,8,1,0,data,ok,7,7,0.2,11.5
mpg,-4.0,10,fsk32r62-r1/2,c32r62,1,1,0,ctl,ok,0,0,2.7,11.5
mpg,-4.0,10,fsk32r62-r1/2,c32r62,8,1,0,data,ok,7,7,-0.6,11.5
mpg,-4.0,10,fsk32r62-r1/2,c32r62,1,1,0,ctl,ok,0,0,-2.7,11.5
mpg,-4.0,10,fsk32r62-r1/2,c32r62,8,1,0,data,ok,7,6,-2.0,11.5
mpg,-4.0,10,fsk32r62-r1/2,c32r62,1,1,0,ctl,ok,0,0,2.5,11.5
mpg,-4.0,10,fsk32r62-r1/2,c32r62,8,1,0,data,ok,6,6,-1.6,11.5
mpg,-4.0,10,fsk32r62-r1/2,c32r62,1,1,0,ctl,ok,0,0,1.4,11.5
mpg,-4.0,10,fsk32r62-r1/2,c32r62,8,1,0,data,ok,7,7,1.4,11.5
mpg,-4.0,10,fsk32r62-r1/2,c32r62,1,1,0,ctl,ok,0,0,0.9,11.5
mpg,-4.0,10,fsk32r62-r1/2,c32r62,8,1,0,data,ok,7,7,-2.5,11.5
mpg,-4.0,10,fsk32r62-r1/2,c32r62,1,1,0,ctl,ctl_lost,0,0,-8.3,11.5
mpg,-4.0,10,fsk32r62-r1/2,c32r62,1,1,0,ctl,ok,0,0,2.4,11.5
mpg,-4.0,10,fsk32r62-r1/2,c32r62,1,1,0,ctl,ok,0,0,1.3,11.5
mpg,-4.0,10,fsk32r62-r1/2,c32r62,8,1,0,data,ok,7,7,1.0,11.5
mpg,-4.0,10,fsk32r62-r1/2,c32r62,1,1,0,ctl,ok,0,0,3.3,11.5
mpg,-4.0,10,fsk32r62-r1/2,c32r62,8,1,0,data,ok,7,7,1.0,11.5
mpg,-4.0,10,fsk32r62-r1/2,c32r62,1,1,0,ctl,ok,0,0,-5.9,11.5
mpg,-4.0,10,fsk32r62-r1/2,c32r62,8,1,0,data,ok,7,7,1.5,11.5
mpg,-4.0,10,fsk32r62-r1/2,c32r62,1,1,0,ctl,ok,0,0,0.8,11.5
mpg,-4.0,10,fsk32r62-r1/2,c32r62,8,1,0,data,ok,7,7,-1.8,11.5
mpg,-4.0,10,fsk32r62-r1/2,c32r62,1,1,0,ctl,ok,0,0,1.5,11.5
mpg,-4.0,10,fsk32r62-r1/2,c32r62,8,1,0,data,ok,7,6,-0.4,11.5
mpg,-4.0,10,fsk32r62-r1/2,c32r62,1,1,0,ctl,ok,0,0,-4.2,11.5
mpg,-4.0,10,fsk32r62-r1/2,c32r62,8,1,0,data,ok,6,6,-0.2,11.5
mpg,-4.0,10,fsk32r62-r1/2,c32r62,1,1,0,ctl,ok,0,0,0.9,11.5
mpg,-4.0,10,fsk32r62-r1/2,c32r62,8,1,0,data,ctl_lost,7,7,-2.5,11.5
mpg,-4.0,10,fsk32r62-r1/2,c32r62,1,1,0,ctl,ok,0,0,-3.2,11.5
mpg,-4.0,10,fsk32r62-r1/2,c32r62,1,1,0,ctl,ok,0,0,-4.2,11.5
mpg,-4.0,10,fsk32r62-r1/2,c32r62,8,1,0,data,ok,7,7,-0.2,11.5
mpg,-4.0,10,fsk32r62-r1/2,c32r62,1,1,0,ctl,ok,0,0,1.3,11.5
mpg,-4.0,10,fsk32r62-r1/2,c32r62,8,1,0,data,ok,7,7,-0.5,11.5
mpg,-4.0,10,fsk32r62-r1/2,c32r62,1,1,0,ctl,ok,0,0,1.7,11.5
mpg,-4.0,10,fsk32r62-r1/2,c32r62,8,1,0,data,ok,7,7,0.0,11.5
mpg,-4.0,6,qpsk-r1/5,w,1,1,0,ctl,ok,0,0,-1.6,12.3
mpg,-4.0,6,qpsk-r1/5,w,1,1,0,ctl,ok,0,0,-1.9,12.3
mpg,-4.0,6,fsk32r62-r1/2,c32r62,8,1,0,data,ok,7,7,-1.0,12.3
mpg,-4.0,6,fsk32r62-r1/2,c32r62,1,1,0,ctl,ok,0,0,-4.4,12.3
mpg,-4.0,6,fsk32r62-r1/2,c32r62,8,1,0,data,ok,7,6,-0.7,12.3
mpg,-4.0,6,fsk32r62-r1/2,c32r62,1,1,0,ctl,ok,0,0,-4.5,12.3
mpg,-4.0,6,fsk32r62-r1/2,c32r62,8,1,0,data,ok,6,6,-0.9,12.3
mpg,-4.0,6,fsk32r62-r1/2,c32r62,1,1,0,ctl,ok,0,0,-2.3,12.3
mpg,-4.0,6,fsk32r62-r1/2,c32r62,8,1,0,data,ok,7,7,-0.7,12.3
mpg,-4.0,6,fsk32r62-r1/2,c32r62,1,1,0,ctl,ok,0,0,-2.5,12.3
mpg,-4.0,6,fsk32r62-r1/2,c32r62,8,1,,data,missed,0,0,,12.3
mpg,-4.0,6,fsk32r62-r1/2,c32r62,1,1,0,ctl,ok,0,0,2.9,12.3
mpg,-4.0,6,fsk32r62-r1/2,c32r62,1,1,0,ctl,ok,0,0,3.1,12.3
mpg,-4.0,6,fsk32r62-r1/2,c32r62,8,1,0,data,ok,7,7,3.4,12.3
mpg,-4.0,6,fsk32r62-r1/2,c32r62,1,1,0,ctl,ok,0,0,1.6,12.3
mpg,-4.0,6,fsk32r62-r1/2,c32r62,8,1,0,data,ok,7,7,-0.5,12.3
mpg,-4.0,6,fsk32r62-r1/2,c32r62,1,1,0,ctl,ok,0,0,-2.1,12.3
mpg,-4.0,6,fsk32r62-r1/2,c32r62,8,1,0,data,ok,7,7,1.6,12.3
mpg,-4.0,6,fsk32r62-r1/2,c32r62,1,1,0,ctl,ok,0,0,0.0,12.3
mpg,-4.0,6,fsk32r62-r1/2,c32r62,8,1,0,data,ok,7,7,-0.4,12.3
mpg,-4.0,6,fsk32r62-r1/2,c32r62,1,1,0,ctl,ok,0,0,0.4,12.3
mpg,-4.0,6,fsk32r62-r1/2,c32r62,8,1,0,data,ok,7,7,0.8,12.3
mpg,-4.0,6,fsk32r62-r1/2,c32r62,1,1,0,ctl,ok,0,0,-0.7,12.3
mpg,-4.0,6,fsk32r62-r1/2,c32r62,8,1,0,data,ok,7,7,0.5,12.3
mpg,-4.0,6,fsk32r62-r1/2,c32r62,1,1,0,ctl,ok,0,0,0.7,12.3
mpg,-4.0,6,fsk32r62-r1/2,c32r62,8,1,0,data,ok,7,6,0.0,12.3
mpg,-4.0,6,fsk32r62-r1/2,c32r62,1,1,0,ctl,ok,0,0,0.4,12.3
mpg,-4.0,6,fsk32r62-r1/2,c32r62,8,1,0,data,ok,6,6,-0.8,12.3
mpg,-4.0,6,fsk32r62-r1/2,c32r62,1,1,0,ctl,ok,0,0,3.5,12.3
mpg,-4.0,6,fsk32r62-r1/2,c32r62,8,1,0,data,ok,7,6,0.6,12.3
mpg,-4.0,6,fsk32r62-r1/2,c32r62,1,1,0,ctl,ok,0,0,2.3,12.3
mpg,-4.0,6,fsk32r62-r1/2,c32r62,8,1,0,data,ok,6,6,-2.7,12.3
mpg,-4.0,6,fsk32r62-r1/2,c32r62,1,1,,ctl,missed,0,0,,12.3
mpg,-4.0,6,fsk32r62-r1/2,c32r62,1,1,0,ctl,ok,0,0,-2.3,12.3
mpg,-4.0,6,fsk32r62-r1/2,c32r62,1,1,0,ctl,ok,0,0,-0.2,12.3
mpg,-4.0,6,fsk32r62-r1/2,c32r62,8,1,0,data,ok,7,7,0.1,12.3
mpg,-4.0,6,fsk32r62-r1/2,c32r62,1,1,0,ctl,ok,0,0,2.2,12.3
mpg,-4.0,6,fsk32r62-r1/2,c32r62,8,1,0,data,ok,7,7,1.8,12.3
mpg,-4.0,6,fsk32r62-r1/2,c32r62,1,1,0,ctl,ok,0,0,2.9,12.3
mpg,-4.0,6,fsk32r62-r1/2,c32r62,8,1,0,data,ok,7,7,-0.3,12.3
mpg,-4.0,6,fsk32r62-r1/2,c32r62,1,1,0,ctl,ok,0,0,-2.7,12.3
mpg,-4.0,6,fsk32r62-r1/2,c32r62,8,1,0,data,ok,7,7,-0.4,12.3
mpg,-4.0,6,fsk32r62-r1/2,c32r62,1,1,0,ctl,ok,0,0,-1.6,12.3
mpg,-4.0,6,fsk32r62-r1/2,c32r62,8,1,0,data,ok,7,7,1.2,12.3
mpg,-4.0,6,fsk32r62-r1/2,c32r62,1,1,0,ctl,ok,0,0,0.6,12.3
mpg,-4.0,6,fsk32r62-r1/2,c32r62,8,1,0,data,ok,7,7,-1.0,12.3
mpg,-4.0,11,qpsk-r1/5,w,1,1,0,ctl,ok,0,0,2.8,11.5
mpg,-4.0,11,qpsk-r1/5,w,1,1,0,ctl,ok,0,0,1.0,11.5
mpg,-4.0,11,fsk32r62-r1/2,c32r62,8,1,0,data,ok,7,7,-0.4,11.5
mpg,-4.0,11,fsk32r62-r1/2,c32r62,1,1,0,ctl,ok,0,0,0.3,11.5
mpg,-4.0,11,fsk32r62-r1/2,c32r62,8,1,0,data,ok,7,7,1.8,11.5
mpg,-4.0,11,fsk32r62-r1/2,c32r62,1,1,0,ctl,ok,0,0,0.7,11.5
mpg,-4.0,11,fsk32r62-r1/2,c32r62,8,1,0,data,ok,7,6,-2.4,11.5
mpg,-4.0,11,fsk32r62-r1/2,c32r62,1,1,0,ctl,ok,0,0,-0.1,11.5
mpg,-4.0,11,fsk32r62-r1/2,c32r62,8,1,0,data,ok,6,5,-0.5,11.5
mpg,-4.0,11,fsk32r62-r1/2,c32r62,1,1,0,ctl,ok,0,0,-6.8,11.5
mpg,-4.0,11,fsk32r62-r1/2,c32r62,8,1,,data,missed,0,0,,11.5
mpg,-4.0,11,fsk32r62-r1/2,c32r62,1,1,0,ctl,ok,0,0,0.0,11.5
mpg,-4.0,11,fsk32r62-r1/2,c32r62,1,1,0,ctl,ok,0,0,-4.2,11.5
mpg,-4.0,11,fsk32r62-r1/2,c32r62,8,1,0,data,ok,6,6,-1.5,11.5
mpg,-4.0,11,fsk32r62-r1/2,c32r62,1,1,0,ctl,ok,0,0,-1.3,11.5
mpg,-4.0,11,fsk32r62-r1/2,c32r62,8,1,0,data,ok,6,6,-0.6,11.5
mpg,-4.0,11,fsk32r62-r1/2,c32r62,1,1,0,ctl,ok,0,0,-2.6,11.5
mpg,-4.0,11,fsk32r62-r1/2,c32r62,8,1,0,data,ok,7,7,-0.7,11.5
mpg,-4.0,11,fsk32r62-r1/2,c32r62,1,1,0,ctl,ok,0,0,-2.5,11.5
mpg,-4.0,11,fsk32r62-r1/2,c32r62,8,1,0,data,ok,7,7,-1.0,11.5
mpg,-4.0,11,fsk32r62-r1/2,c32r62,1,1,0,ctl,ok,0,0,5.0,11.5
mpg,-4.0,11,fsk32r62-r1/2,c32r62,8,1,0,data,ok,7,7,-1.3,11.5
mpg,-4.0,11,fsk32r62-r1/2,c32r62,1,1,0,ctl,ok,0,0,-0.8,11.5
mpg,-4.0,11,fsk32r62-r1/2,c32r62,8,1,0,data,ok,7,5,-0.7,11.5
mpg,-4.0,11,fsk32r62-r1/2,c32r62,1,1,0,ctl,ok,0,0,1.1,11.5
mpg,-4.0,11,fsk32r62-r1/2,c32r62,8,1,0,data,ok,5,5,1.8,11.5
mpg,-4.0,11,fsk32r62-r1/2,c32r62,1,1,0,ctl,ok,0,0,0.1,11.5
mpg,-4.0,11,fsk32r62-r1/2,c32r62,8,1,0,data,ok,7,7,0.0,11.5
mpg,-4.0,11,fsk32r62-r1/2,c32r62,1,1,0,ctl,ok,0,0,-4.1,11.5
mpg,-4.0,11,fsk32r62-r1/2,c32r62,8,1,0,data,ok,7,7,0.4,11.5
mpg,-4.0,11,fsk32r62-r1/2,c32r62,1,1,0,ctl,ok,0,0,-2.6,11.5
mpg,-4.0,11,fsk32r62-r1/2,c32r62,8,1,0,data,ok,7,7,-0.7,11.5
mpg,-4.0,11,fsk32r62-r1/2,c32r62,1,1,0,ctl,ok,0,0,-1.1,11.5
mpg,-4.0,11,fsk32r62-r1/2,c32r62,8,1,0,data,ok,7,7,-2.4,11.5
mpg,-4.0,11,fsk32r62-r1/2,c32r62,1,1,0,ctl,ok,0,0,1.6,11.5
mpg,-4.0,11,fsk32r62-r1/2,c32r62,8,1,0,data,ok,7,7,-1.2,11.5
mpg,-4.0,11,fsk32r62-r1/2,c32r62,1,1,0,ctl,ok,0,0,-6.0,11.5
mpg,-4.0,11,fsk32r62-r1/2,c32r62,8,1,0,data,ok,7,7,-0.7,11.5
mpg,-4.0,11,fsk32r62-r1/2,c32r62,1,1,0,ctl,ctl_lost,0,0,-9.9,11.5
mpg,-4.0,11,fsk32r62-r1/2,c32r62,1,1,0,ctl,ok,0,0,-2.2,11.5
mpg,-4.0,11,fsk32r62-r1/2,c32r62,1,1,0,ctl,ctl_lost,0,0,-7.8,11.5
mpg,-4.0,11,fsk32r62-r1/2,c32r62,1,1,0,ctl,ok,0,0,1.6,11.5
mpg,-4.0,11,fsk32r62-r1/2,c32r62,1,1,0,ctl,ok,0,0,-1.5,11.5
mpg,-4.0,11,fsk32r62-r1/2,c32r62,8,1,0,data,ok,7,7,-2.3,11.5
mpg,-4.0,11,fsk32r62-r1/2,c32r62,1,1,0,ctl,ok,0,0,1.7,11.5
mpg,-4.0,11,fsk32r62-r1/2,c32r62,8,1,0,data,ok,7,7,-1.5,11.5
mpg,-4.0,8,qpsk-r1/5,w,1,1,0,ctl,ok,0,0,-0.5,9.8
mpg,-4.0,8,qpsk-r1/5,w,1,1,0,ctl,ok,0,0,-1.2,9.8
mpg,-4.0,8,fsk32r62-r1/2,c32r62,8,1,0,data,ok,7,6,-1.6,9.8
mpg,-4.0,8,fsk32r62-r1/2,c32r62,1,1,0,ctl,ok,0,0,-3.6,9.8
mpg,-4.0,8,fsk32r62-r1/2,c32r62,8,1,0,data,ok,6,6,2.2,9.8
mpg,-4.0,8,fsk32r62-r1/2,c32r62,1,1,0,ctl,ok,0,0,0.3,9.8
mpg,-4.0,8,fsk32r62-r1/2,c32r62,8,1,0,data,ok,7,7,2.2,9.8
mpg,-4.0,8,fsk32r62-r1/2,c32r62,1,1,0,ctl,ok,0,0,-3.5,9.8
mpg,-4.0,8,fsk32r62-r1/2,c32r62,8,1,0,data,ctl_lost,7,7,-0.5,9.8
mpg,-4.0,8,fsk32r62-r1/2,c32r62,1,1,0,ctl,ok,0,0,1.9,9.8
mpg,-4.0,8,fsk32r62-r1/2,c32r62,1,1,0,ctl,ok,0,0,-2.3,9.8
mpg,-4.0,8,fsk32r62-r1/2,c32r62,8,1,,data,missed,0,0,,9.8
mpg,-4.0,8,fsk32r62-r1/2,c32r62,1,1,0,ctl,ok,0,0,-3.3,9.8
mpg,-4.0,8,fsk32r62-r1/2,c32r62,1,1,0,ctl,ok,0,0,-0.3,9.8
mpg,-4.0,8,fsk32r62-r1/2,c32r62,8,1,0,data,ok,7,7,2.6,9.8
mpg,-4.0,8,fsk32r62-r1/2,c32r62,1,1,0,ctl,ok,0,0,-1.1,9.8
mpg,-4.0,8,fsk32r62-r1/2,c32r62,8,1,0,data,ok,7,6,-0.8,9.8
mpg,-4.0,8,fsk32r62-r1/2,c32r62,1,1,0,ctl,ok,0,0,-4.8,9.8
mpg,-4.0,8,fsk32r62-r1/2,c32r62,8,1,,data,missed,0,0,,9.8
mpg,-4.0,8,fsk32r62-r1/2,c32r62,1,1,0,ctl,ok,0,0,-0.1,9.8
mpg,-4.0,8,fsk32r62-r1/2,c32r62,1,1,0,ctl,ok,0,0,-3.0,9.8
mpg,-4.0,8,fsk32r62-r1/2,c32r62,8,1,,data,missed,0,0,,9.8
mpg,-4.0,8,fsk32r62-r1/2,c32r62,1,1,0,ctl,ok,0,0,3.1,9.8
mpg,-4.0,8,fsk32r62-r1/2,c32r62,1,1,0,ctl,ok,0,0,0.6,9.8
mpg,-4.0,8,fsk32r62-r1/2,c32r62,8,1,0,data,ok,6,6,1.1,9.8
mpg,-4.0,8,fsk32r62-r1/2,c32r62,1,1,0,ctl,ok,0,0,-0.6,9.8
mpg,-4.0,8,fsk32r62-r1/2,c32r62,8,1,0,data,ok,7,7,0.1,9.8
mpg,-4.0,8,fsk32r62-r1/2,c32r62,1,1,0,ctl,ok,0,0,-1.8,9.8
mpg,-4.0,8,fsk32r62-r1/2,c32r62,8,1,0,data,ok,7,7,-0.9,9.8
mpg,-4.0,8,fsk32r62-r1/2,c32r62,1,1,0,ctl,ok,0,0,2.6,9.8
mpg,-4.0,8,fsk32r62-r1/2,c32r62,8,1,0,data,ok,7,7,-1.2,9.8
mpg,-4.0,8,fsk32r62-r1/2,c32r62,1,1,0,ctl,ok,0,0,-1.4,9.8
mpg,-4.0,8,fsk32r62-r1/2,c32r62,8,1,0,data,ok,7,7,-0.1,9.8
mpg,-4.0,8,fsk32r62-r1/2,c32r62,1,1,0,ctl,ok,0,0,1.0,9.8
mpg,-4.0,8,fsk32r62-r1/2,c32r62,8,1,0,data,ok,7,6,-0.4,9.8
mpg,-4.0,8,fsk32r62-r1/2,c32r62,1,1,0,ctl,ok,0,0,-4.0,9.8
mpg,-4.0,8,fsk32r62-r1/2,c32r62,8,1,0,data,ok,6,6,-0.9,9.8
mpg,-4.0,8,fsk32r62-r1/2,c32r62,1,1,0,ctl,ok,0,0,2.9,9.8
mpg,-4.0,8,fsk32r62-r1/2,c32r62,8,1,0,data,ok,7,7,-1.0,9.8
mpg,-4.0,8,fsk32r62-r1/2,c32r62,1,1,0,ctl,ok,0,0,-4.1,9.8
mpg,-4.0,8,fsk32r62-r1/2,c32r62,8,1,0,data,ok,7,7,-1.6,9.8
mpg,-4.0,8,fsk32r62-r1/2,c32r62,1,1,0,ctl,ctl_lost,0,0,-8.5,9.8
mpg,-4.0,8,fsk32r62-r1/2,c32r62,1,1,0,ctl,ok,0,0,3.1,9.8
mpg,-4.0,8,fsk32r62-r1/2,c32r62,1,1,0,ctl,ok,0,0,1.5,9.8
mpg,-4.0,8,fsk32r62-r1/2,c32r62,8,1,0,data,ok,7,7,0.2,9.8
mpg,-4.0,8,fsk32r62-r1/2,c32r62,1,1,0,ctl,ok,0,0,-0.1,9.8
mpg,-4.0,8,fsk32r62-r1/2,c32r62,8,1,0,data,ok,7,7,0.8,9.8
