mode,k,e,scheme,copies,esn0_50,esn0_10
ack-4f,56,960,one,,-12.84,-11.52
ack-4f,56,960,chase,,-15.88,-14.48
ack-4f,56,960,ir@-15,2,-15.98,-14.71
ack-4f,56,960,ir@-12,1,-15.93,-14.71
ack-4f,56,960,ir@-9,1,-15.93,-14.71
ack-4f,56,960,ir@-6,1,-15.93,-14.71
polar-k96-f8,104,1920,one,,-11.34,-10.16
polar-k96-f8,104,1920,chase,,-14.2,-13.21
polar-k96-f8,104,1920,ir@-15,6,-14.71,-13.73
polar-k96-f8,104,1920,ir@-12,5,-14.66,-13.73
polar-k96-f8,104,1920,ir@-9,6,-14.71,-13.73
polar-k96-f8,104,1920,ir@-6,8,-14.52,-13.4
polar-k96-f4,104,960,one,,-9.98,-9.09
polar-k96-f4,104,960,chase,,-13.16,-11.95
polar-k96-f4,104,960,ir@-15,5,-13.3,-12.27
polar-k96-f4,104,960,ir@-12,4,-13.4,-12.27
polar-k96-f4,104,960,ir@-9,4,-13.35,-12.27
polar-k96-f4,104,960,ir@-6,3,-13.26,-12.27
polar-k192-f8,200,1920,one,,-9.51,-8.76
polar-k192-f8,200,1920,chase,,-12.51,-11.66
polar-k192-f8,200,1920,ir@-15,11,-12.93,-12.09
polar-k192-f8,200,1920,ir@-12,9,-12.93,-12.18
polar-k192-f8,200,1920,ir@-9,7,-12.93,-12.09
polar-k192-f8,200,1920,ir@-6,8,-12.65,-11.9
ack-1f,56,240,one,,-7.4,-5.99
ack-1f,56,240,chase,,-10.26,-8.95
ack-1f,56,240,ir@-15,5,-10.54,-9.23
ack-1f,56,240,ir@-12,4,-10.77,-9.37
ack-1f,56,240,ir@-9,3,-10.59,-9.37
ack-1f,56,240,ir@-6,3,-10.59,-9.27
n4-ack-8f,56,320,one,,-8.62,-7.35
n4-ack-8f,56,320,chase,,-11.57,-10.4
n4-ack-8f,56,320,ir@-15,5,-11.66,-10.4
n4-ack-8f,56,320,ir@-12,3,-11.8,-10.45
n4-ack-8f,56,320,ir@-9,2,-11.8,-10.35
n4-ack-8f,56,320,ir@-6,1,-11.71,-10.45
n10-ack-4f,56,400,one,,-9.65,-8.24
n10-ack-4f,56,400,chase,,-12.55,-11.1
n10-ack-4f,56,400,ir@-15,4,-12.65,-11.2
n10-ack-4f,56,400,ir@-12,3,-12.84,-11.48
n10-ack-4f,56,400,ir@-9,2,-12.84,-11.48
n10-ack-4f,56,400,ir@-6,1,-12.65,-11.24
n4-ack-2f,56,80,one,,-1.4,0.15
n4-ack-2f,56,80,chase,,-4.16,-2.85
n4-ack-2f,56,80,ir@-15,10,-5.29,-3.93
n4-ack-2f,56,80,ir@-12,9,-5.1,-3.88
n4-ack-2f,56,80,ir@-9,10,-5.29,-3.88
n4-ack-2f,56,80,ir@-6,9,-5.24,-3.93
cpm-ctl,184,360,one,,-2.34,-1.49
cpm-ctl,184,360,chase,,-5.34,-4.4
cpm-ctl,184,360,ir@-15,44,0.34,1.41
cpm-ctl,184,360,ir@-12,30,-5.99,-5.2
cpm-ctl,184,360,ir@-9,26,-6.09,-5.15
cpm-ctl,184,360,ir@-6,24,-6.09,-5.2
