mode,esn0_rv0,esn0_resend,n,fer_one,fer_chase,fer_ir
ack-4f,-17.34,-17.34,4000,1.0,0.8975,0.8775
ack-4f,-16.84,-16.84,4000,0.9995,0.79625,0.76175
ack-4f,-16.34,-16.34,4000,0.99625,0.658,0.61425
ack-4f,-15.84,-15.84,4000,0.99275,0.48675,0.4325
ack-4f,-15.34,-15.34,4000,0.9735,0.309,0.2455
ack-4f,-14.84,-14.84,4000,0.95225,0.1425,0.12475
ack-4f,-14.34,-14.34,4000,0.89975,0.06425,0.047
ack-4f,-13.84,-13.84,4000,0.8045,0.01875,0.0125
ack-4f,-13.34,-13.34,4000,0.6665,0.0035,0.0015
ack-4f,-12.84,-12.84,4000,0.4935,0.00025,0.0
ack-4f,-12.34,-12.34,4000,0.31575,0.0,0.00025
ack-4f,-11.84,-11.84,4000,0.16475,0.0,0.0
polar-k96-f8,-15.93,-15.93,4000,1.0,0.9655,0.933
polar-k96-f8,-15.43,-15.43,4000,1.0,0.896,0.8055
polar-k96-f8,-14.93,-14.93,4000,1.0,0.75125,0.6265
polar-k96-f8,-14.43,-14.43,4000,0.9995,0.56875,0.3695
polar-k96-f8,-13.93,-13.93,4000,0.99725,0.3295,0.15925
polar-k96-f8,-13.43,-13.43,4000,0.98975,0.159,0.05625
polar-k96-f8,-12.93,-12.93,4000,0.97,0.053,0.0095
polar-k96-f8,-12.43,-12.43,4000,0.9,0.0165,0.00325
polar-k96-f8,-11.93,-11.93,4000,0.76525,0.00475,0.0
polar-k96-f8,-11.43,-11.43,4000,0.55125,0.0005,0.0
polar-k96-f8,-10.93,-10.93,4000,0.3475,0.0,0.0
polar-k96-f8,-10.43,-10.43,4000,0.157,0.0,0.0
polar-k96-f4,-14.53,-14.53,4000,1.0,0.94325,0.9285
polar-k96-f4,-14.03,-14.03,4000,1.0,0.85625,0.811
polar-k96-f4,-13.53,-13.53,4000,1.0,0.6805,0.6105
polar-k96-f4,-13.03,-13.03,4000,0.99925,0.46975,0.388
polar-k96-f4,-12.53,-12.53,4000,0.99575,0.23825,0.1765
polar-k96-f4,-12.03,-12.03,4000,0.984,0.093,0.06075
polar-k96-f4,-11.53,-11.53,4000,0.9495,0.01925,0.014
polar-k96-f4,-11.03,-11.03,4000,0.86775,0.003,0.002
polar-k96-f4,-10.53,-10.53,4000,0.716,0.00025,0.00025
polar-k96-f4,-10.03,-10.03,4000,0.47325,0.0,0.0
polar-k96-f4,-9.53,-9.53,4000,0.239,0.0,0.0
polar-k96-f4,-9.03,-9.03,4000,0.093,0.0,0.0
polar-k192-f8,-13.94,-13.94,4000,1.0,0.9835,0.95475
polar-k192-f8,-13.44,-13.44,4000,1.0,0.91325,0.8125
polar-k192-f8,-12.94,-12.94,4000,1.0,0.74025,0.54575
polar-k192-f8,-12.44,-12.44,4000,1.0,0.45225,0.235
polar-k192-f8,-11.94,-11.94,4000,1.0,0.18475,0.0565
polar-k192-f8,-11.44,-11.44,4000,0.997,0.0365,0.01075
polar-k192-f8,-10.94,-10.94,4000,0.98075,0.007,0.00175
polar-k192-f8,-10.44,-10.44,4000,0.91225,0.0005,0.0
polar-k192-f8,-9.94,-9.94,4000,0.74475,0.0,0.0
polar-k192-f8,-9.44,-9.44,4000,0.464,0.0,0.0
polar-k192-f8,-8.94,-8.94,4000,0.178,0.0,0.0
polar-k192-f8,-8.44,-8.44,4000,0.04525,0.0,0.0
ack-1f,-11.95,-11.95,4000,0.99925,0.91225,0.87275
ack-1f,-11.45,-11.45,4000,0.9975,0.82775,0.77525
ack-1f,-10.95,-10.95,4000,0.998,0.70075,0.622
ack-1f,-10.45,-10.45,4000,0.99275,0.53825,0.434
ack-1f,-9.95,-9.95,4000,0.982,0.3705,0.268
ack-1f,-9.45,-9.45,4000,0.96175,0.20825,0.1445
ack-1f,-8.95,-8.95,4000,0.90225,0.097,0.05175
ack-1f,-8.45,-8.45,4000,0.826,0.0355,0.0175
ack-1f,-7.95,-7.95,4000,0.707,0.0135,0.0045
ack-1f,-7.45,-7.45,4000,0.56,0.00175,0.0005
ack-1f,-6.95,-6.95,4000,0.37825,0.00025,0.0
ack-1f,-6.45,-6.45,4000,0.20525,0.0,0.0
n4-ack-8f,-13.12,-13.12,4000,0.99925,0.901,0.88575
n4-ack-8f,-12.62,-12.62,4000,0.99825,0.80125,0.77875
n4-ack-8f,-12.12,-12.12,4000,0.99575,0.67175,0.6335
n4-ack-8f,-11.62,-11.62,4000,0.99175,0.50175,0.47425
n4-ack-8f,-11.12,-11.12,4000,0.9765,0.326,0.28125
n4-ack-8f,-10.62,-10.62,4000,0.95325,0.18175,0.14525
n4-ack-8f,-10.12,-10.12,4000,0.903,0.079,0.05925
n4-ack-8f,-9.62,-9.62,4000,0.81275,0.02375,0.0145
n4-ack-8f,-9.12,-9.12,4000,0.68025,0.00675,0.00425
n4-ack-8f,-8.62,-8.62,4000,0.5105,0.00075,0.00025
n4-ack-8f,-8.12,-8.12,4000,0.3255,0.0005,0.0
n4-ack-8f,-7.62,-7.62,4000,0.184,0.0,0.0
n10-ack-4f,-14.06,-14.06,4000,0.99975,0.8985,0.87075
n10-ack-4f,-13.56,-13.56,4000,0.99875,0.805,0.7605
n10-ack-4f,-13.06,-13.06,4000,0.997,0.67575,0.599
n10-ack-4f,-12.56,-12.56,4000,0.9905,0.4915,0.425
n10-ack-4f,-12.06,-12.06,4000,0.976,0.31875,0.26075
n10-ack-4f,-11.56,-11.56,4000,0.94475,0.17125,0.11875
n10-ack-4f,-11.06,-11.06,4000,0.90225,0.07775,0.05
n10-ack-4f,-10.56,-10.56,4000,0.80925,0.024,0.015
n10-ack-4f,-10.06,-10.06,4000,0.68425,0.0065,0.0025
n10-ack-4f,-9.56,-9.56,4000,0.49675,0.00125,0.00125
n10-ack-4f,-9.06,-9.06,4000,0.31675,0.00025,0.0
n10-ack-4f,-8.56,-8.56,4000,0.16975,0.0,0.0
n4-ack-2f,-5.86,-5.86,4000,0.99975,0.90875,0.68075
n4-ack-2f,-5.36,-5.36,4000,0.999,0.84375,0.53375
n4-ack-2f,-4.86,-4.86,4000,0.9965,0.7195,0.356
n4-ack-2f,-4.36,-4.36,4000,0.99325,0.55825,0.20925
n4-ack-2f,-3.86,-3.86,4000,0.98175,0.38575,0.09975
n4-ack-2f,-3.36,-3.36,4000,0.958,0.21525,0.0355
n4-ack-2f,-2.86,-2.86,4000,0.9085,0.1085,0.014
n4-ack-2f,-2.36,-2.36,4000,0.83825,0.04225,0.004
n4-ack-2f,-1.86,-1.86,4000,0.70975,0.0115,0.00175
n4-ack-2f,-1.36,-1.36,4000,0.55575,0.0015,0.0
n4-ack-2f,-0.86,-0.86,4000,0.387,0.00025,0.0
n4-ack-2f,-0.36,-0.36,4000,0.234,0.0,0.0
cpm-ctl,-6.79,-6.79,4000,1.0,0.98225,0.8525
cpm-ctl,-6.29,-6.29,4000,1.0,0.918,0.6205
cpm-ctl,-5.79,-5.79,4000,1.0,0.7565,0.33275
cpm-ctl,-5.29,-5.29,4000,1.0,0.4795,0.122
cpm-ctl,-4.79,-4.79,4000,1.0,0.2255,0.03975
cpm-ctl,-4.29,-4.29,4000,0.997,0.067,0.012
cpm-ctl,-3.79,-3.79,4000,0.9845,0.01875,0.00225
cpm-ctl,-3.29,-3.29,4000,0.91725,0.005,0.00075
cpm-ctl,-2.79,-2.79,4000,0.7515,0.00075,0.0
cpm-ctl,-2.29,-2.29,4000,0.5075,0.0,0.0
cpm-ctl,-1.79,-1.79,4000,0.23625,0.0,0.0
cpm-ctl,-1.29,-1.29,4000,0.07075,0.0,0.0
